authors,year,title,category,time_series,reasoning,verdict
Zbysinski et al.,2026,A comparative analysis in a clinical cohort: multiple imputation by chained equations and a novel super learner-based imputation approach,C,NO,"Evaluates a Super Learner ensemble against MICE on clinical data, referencing multiple imputation only as an empirical baseline without addressing theoretical statistical validity.",SKIP
Cheng et al.,2026,A comprehensive guideline for hybrid modeling of engineered microbial processes,D,NO,"Provides guidelines for hybrid mechanistic and data-driven modeling in microbial processes, without addressing deep learning missing data inference theory.",SKIP
Benhamza et al.,2025,A comprehensive survey of imputation methods in medical missing data analysis,C,NO,"Surveys medical missing data imputation methods, mentioning statistical and multiple imputation concepts only as background literature categories.",SKIP
Loh et al.,2024,A comparative analysis of missing data imputation techniques on sedimentation data,C,YES,"Empirically compares neural networks and statistical imputation on hydrological sediment data, referencing multiple imputation as an experimental baseline.",SKIP
Adhikari et al.,2024,A Lightweight-Window-Portion-Based Multiple Imputation for Extreme Missing Gaps in IoT Systems,C,YES,"Develops a window-based multiple imputation algorithm for IoT time series, citing multiple imputation as background without theoretical analysis of deep learning validity.",SKIP
Chen et al.,2023,A Bayesian Augmented-Learning framework for spectral uncertainty quantification of incomplete records of stochastic processes,D,YES,"Applies Bayesian recurrent neural networks and stochastic variational inference for spectral uncertainty quantification in physics, without addressing Rubin's statistical missing data framework.",SKIP
Adhikari et al.,2023,A Comprehensive Survey on Imputation of Missing Data in Internet of Things,C,YES,"Surveys missing data handling in IoT systems, referencing missingness mechanisms and statistical imputation as background taxonomy.",SKIP
Shan et al.,2022,A deep-learning based solar irradiance forecast using missing data,D,YES,"Introduces an adaptive neural imputation module for solar irradiance time-series forecasting, without addressing theoretical missing data inference.",SKIP
Fu et al.,2021,A Comparative Study of Various Methods for Handling Missing Data in UNSODA,C,NO,"Compares machine learning methods and multiple imputation on soil property data, treating statistical imputation solely as an empirical baseline.",SKIP
Mahabbati et al.,2021,A comparison of gap-filling algorithms for eddy covariance fluxes and their drivers,C,YES,"Benchmarks gap-filling algorithms for microclimatological flux time series, including neural networks and statistical methods as empirical baselines.",SKIP
Razzak et al.,2021,A Hybrid Technique for the Multiple Imputation of Survey Data,D,NO,"Proposes a statistical multiple imputation technique using Bayesian latent class models for survey data, without incorporating or evaluating deep learning architectures.",SKIP
Xu et al.,2021,A Deep Learning-Based Unsupervised Method to Impute Missing Values in Patient Records for Improved Management of Cardiovascular Patients,D,NO,"Develops an unsupervised deep autoencoder for EHR imputation evaluated on downstream predictive accuracy, without addressing statistical inference theory.",SKIP
Mancuso et al.,2020,"A flexible, interpretable, and accurate approach for imputing the expression of unmeasured genes",D,NO,"Evaluates a sample-based LASSO model against neural networks for gene expression imputation, without addressing statistical inference theory.",SKIP
Xu et al.,2020,"A deep learning-based, unsupervised method to impute missing values in electronic health records for improved patient management",D,YES,"Introduces a deep autoencoder for EHR data incorporating temporal patterns evaluated on downstream clinical predictions, without examining statistical inference theory.",SKIP
Llanes-Santiago et al.,2019,A FAULT DIAGNOSIS PROPOSAL WITH ONLINE IMPUTATION TO INCOMPLETE OBSERVATIONS IN INDUSTRIAL PLANTS,C,YES,Applies multiple imputation as an online data preprocessing tool for a neural network fault diagnosis pipeline in industrial process streams.,SKIP
Andreeva et al.,2016,A comparative analysis of the UK and Italian small businesses using Generalised Extreme Value models,D,NO,"Investigates Generalized Extreme Value models for credit risk prediction, using multiple imputation solely as a data preparation technique without deep learning.",SKIP
Silva et al.,2014,A brief review of the main approaches for treatment of missing data,C,NO,"Reviews missing data mechanisms and treatment methods in data mining, referencing statistical mechanisms as general background context.",SKIP
Fernandes et al.,2010,A Clinical Decision Support System for Breast Cancer Patients,C,NO,"Combines neural networks and statistical models for cancer prognosis, citing multiple imputation only as a data preparation step.",SKIP
ICMLDE,2022,"2022 International Conference on Machine Learning and Data Engineering, ICMLDE 2022",D,NO,Conference proceedings volume covering diverse engineering topics without addressing the theoretical connection between deep learning and statistical missing data validity.,SKIP
Sánchez Lasheras et al.,2021,A Multivariate Approach to Time Series Forecasting of Copper Prices with the Help of Multiple Imputation by Chained Equations and Multivariate Adaptive Regression Splines,C,YES,"Integrates MICE with MARS splines for commodity price time-series forecasting, using statistical imputation as a preprocessing step without deep learning integration.",SKIP
Singh et al.,2025,"A Hybrid Self-Supervised Framework for Intelligent Data Imputation Using Causal Graphs, Diffusion Models, and Generative World Learning",C,NO,"Proposes a self-supervised diffusion framework for tabular data, citing missingness mechanisms (MAR/MNAR) and MICE in passing as background motivation.",SKIP
ICDMAI,2024,"8th International Conference on Data Management, Analytics and Innovation, ICDMAI 2024",D,NO,Conference proceedings volume covering various computer science applications without addressing statistical imputation theory.,SKIP
Peker et al.,2021,A hybrid modified deep learning data imputation method for numeric data sets,D,NO,"Proposes an empirical hybrid of Random Forest and Datawig for deep learning imputation, focusing purely on predictive error metrics without statistical theory.",SKIP
Taher et al.,2026,A COMPREHENSIVE REVIEW ON MISSING DATA IMPUTATION TECHNIQUES,C,NO,"Surveys statistical and deep learning imputation algorithms, mentioning statistical inference in general terms without analyzing formal inferential validity.",SKIP
Golhar et al.,2026,A Comprehensive Machine Learning–Driven Predictive Modeling Approach for Early Detection and Risk Assessment of Chronic Kidney Disease Using Clinical and Laboratory Data,C,YES,Incorporates MICE as a preprocessing technique before training temporal deep learning models for clinical risk prediction.,SKIP
Jiao et al.,2026,A dynamic weighted deep-broad learning architecture for wind power interval prediction,C,YES,Employs multiple imputation as a data preprocessing routine for spatial-temporal wind power interval prediction without theoretical statistical bridging.,SKIP
Kampf et al.,2025,A comparison of various imputation algorithms for missing data,C,NO,"Evaluates subroutines within MICE for statistical estimation on coronary artery disease data, focusing on traditional multiple imputation rather than deep learning architectures.",SKIP
Kelly,2018,A neural network analysis of Lifeways cross-generation imputed data 01 Mathematical Sciences 0104 Statistics,D,NO,"Evaluates neural networks for predictive modeling on previously imputed cross-sectional data, without addressing deep learning imputation theory.",SKIP
Singh et al.,2026,A Hybrid Self-supervised Learning Framework for Missing Data Imputation in Cloud-Based Data Mining Systems,C,YES,"Presents a self-supervised diffusion model for cloud missing data streams, referencing MAR/MNAR and MICE as background context.",SKIP
Parveen et al.,2026,A Hybrid Model for Chronic Kidney Disease Prediction Using GWO and Deep Belief Neural Networks,C,NO,Employs MICE for missing value preprocessing prior to feature selection and Deep Belief Neural Network classification.,SKIP
Zhang et al.,2026,A novel multiple imputation approach with recursive feature elimination BiLSTM for spatiotemporally seamless Landsat NDVI reconstruction,C,YES,Uses multiple imputation as an empirical data reconstruction step for BiLSTM remote sensing time series gap filling without addressing statistical inference theory.,SKIP
Sun et al.,2026,A reconstruction method of missing torque data using a simplified neuromusculoskeletal (NMS) model,C,YES,Proposes a biomechanical model for torque time series reconstruction and mentions multiple imputation by chained equations only as a baseline benchmark.,SKIP
Charizanos et al.,2026,A new fuzzy-Bayesian multiple imputation approach for missing data,B,NO,Substantively discusses the statistical validity and uncertainty quantification of deep learning imputation relative to Bayesian multiple imputation without providing a formal proof.,REVIEW
Sharma et al.,2026,A unified framework for groundwater level imputation and forecasting in data-limited catchments,C,YES,Combines multiple imputation by chained equations with neural architecture search as a practical preprocessing pipeline for time series forecasting without theoretical inference analysis.,SKIP
Guo et al.,2026,A robust deep feature learning approach for personalized residential electricity plan recommendation,C,NO,Applies multiple imputation on autoencoder latent features strictly as a preprocessing step in an electricity plan recommender system.,SKIP
Bridge-Nduwimana et al.,2025,A Tabular Data Imputation Technique Using Transformer and Convolutional Neural Networks,B,NO,"Substantively discusses statistical validity, missingness mechanisms (MCAR/MNAR), and uncertainty quantification in deep learning imputation relative to classical multiple imputation.",REVIEW
Jiang et al.,2025,Adaptive weighted multiple imputation with generative adversarial networks for improving wind speed data integrity,C,YES,Combines Generative Adversarial Imputation Networks with a weighted multiple imputation heuristic for time series data without formal statistical inference analysis.,SKIP
Aselisewine & Pal,2025,A Neural Network Integrated Accelerated Failure Time-Based Mixture Cure Model,D,NO,Focuses on integrating neural networks into survival mixture cure models rather than missing data imputation theory.,SKIP
Min et al.,2025,A Risk Prediction Model (CMC-AKIX) for Postoperative Acute Kidney Injury Using Machine Learning: Algorithm Development and Validation,D,NO,Presents a clinical prediction model for kidney injury without addressing deep learning imputation or statistical inference theory.,SKIP
Siddiqi et al.,2025,A Novel Hyper-Tuned Multilayer Perceptron With Effective Stochastic Learning Strategies for Missing Values Imputation,C,NO,"Proposes a multilayer perceptron imputation algorithm evaluated on predictive accuracy, mentioning multiple imputation only as background context.",SKIP
Ali et al.,2025,A Novel AI-Based Integrated Cybersecurity Risk Assessment Framework and Resilience of National Critical Infrastructure,D,NO,Presents a cybersecurity threat detection framework using standard multiple imputation strictly for initial data preprocessing.,SKIP
Richter et al.,2024,A Survey on Multivariate Time Series Imputation Using Adversarial Learning,C,YES,"Provides a literature survey of GAN-based multivariate time series imputation models, categorizing architectures without theoretical statistical validity analysis.",SKIP
Sharma et al.,2024,Adaptive Ensemble Imputation for Trip Data using Deep Reinforcement Learning (AEI-DRL),C,YES,Applies deep reinforcement learning to dynamically weight baseline imputation algorithms for time series data without addressing statistical inference theory.,SKIP
Yuan et al.,2024,A Patch-based Multiple Imputation Transformer Model for Time Series Data Completion,C,YES,Proposes a patch-based Transformer using a multiple imputation training heuristic for time series completion without theoretical statistical grounding.,SKIP
Sahoo et al.,2023,A Novel Smoothing-Based Deep Learning Time-Series Approach for Daily Suspended Sediment Load Prediction,C,YES,Uses Monte Carlo multiple imputation as a preprocessing step prior to Fourier denoising and LSTM hydrological time series forecasting.,SKIP
Ge et al.,2023,A simulation study on missing data imputation for dichotomous variables using statistical and machine learning methods,C,NO,Conducts an empirical simulation comparing machine learning and statistical imputation accuracy across missingness mechanisms without theoretical inference analysis.,SKIP
Min et al.,2023,Acoustic Analysis of Speech for Screening for Suicide Risk: Machine Learning Classifiers for Between- and Within-Person Evaluation of Suicidality,D,NO,Focuses on clinical speech acoustic classification for suicide risk screening and does not address imputation theory.,SKIP
Chen & Xue,2023,A novel coupling preprocessing approach for handling missing data in water quality prediction,C,YES,Applies piecewise multivariate imputation and wavelet denoising before LSTM time series prediction without theoretical statistical analysis.,SKIP
Jiang et al.,2022,A Resilient and Hierarchical IoT-Based Solution for Stress Monitoring in Everyday Settings,D,YES,Proposes a wearable IoT system architecture for stress monitoring and does not address deep learning imputation theory.,SKIP
Wang et al.,2021,"Advances in Data Preprocessing for Biomedical Data Fusion: An Overview of the Methods, Challenges, and Prospects",C,NO,"Reviews biomedical data fusion preprocessing techniques, mentioning missing data handling only as a general background challenge.",SKIP
Gupta et al.,2020,A Novel Deep Similarity Learning Approach to Electronic Health Records Data,D,NO,Presents a deep similarity learning model for EHR disease prediction and does not address missing data imputation theory.,SKIP
Osman et al.,2018,A Survey on Data Imputation Techniques: Water Distribution System as a Use Case,C,YES,Qualitatively reviews traditional and machine learning imputation methods for water systems without examining theoretical statistical inference.,SKIP
Gheyas & Smith,2010,A neural network-based framework for the reconstruction of incomplete data sets,B,NO,"Substantively discusses using neural network ensembles to generate multiple imputations and account for missingness uncertainty in interval estimation, without formal convergence proofs.",REVIEW
Gheyas & Smith,2009,A Novel Nonparametric Multiple Imputation Algorithm for Estimating Missing Data,C,NO,"Proposes a neural network multiple imputation algorithm evaluated on downstream classification accuracy, mentioning multiple imputation as background context.",SKIP
Mitra & Samanta,2017,A study on UCI hepatitis disease dataset using soft computing,D,NO,Applies soft computing and neural networks to medical disease diagnosis using multiple imputation strictly for data preprocessing.,SKIP
Prabhu et al.,2026,Addressing Data Incompleteness in NHANES 2021–2023,B,NO,Substantively evaluates the statistical validity and distributional preservation of deep generative models compared to classical multivariate imputation by chained equations.,REVIEW
Yu et al.,2026,A Novel Approach for Ultra-High Performance Concrete Data Augmentation and Intelligent Prediction Driven by Conditional Generative Adversarial Network-Markov Chain Monte Carlo Model,B,NO,"Substantively discusses statistical correction, Kolmogorov-Smirnov distribution matching, and MCMC integration with generative adversarial networks for statistical validity of synthetic data.",REVIEW
Ranvier et al.,2023,Accounting for Imputation Uncertainty During Neural Network Training,B,NO,Substantively incorporates Rubin's between-variance and imputation uncertainty into neural network training loss functions to improve statistical validity.,REVIEW
Yadav et al.,2025,A Novel Method to Predict Cervical Cancer Using Improved Feature Selection and Classification Principles,D,NO,Applies a machine learning framework for disease prediction using multiple imputation strictly as an initial preprocessing step.,SKIP
Momaya et al.,2026,A Novel Approach for Handling Missing Data in Multivariate Time Series Clustering: Case Study on Predicting Delayed Graft Function,B,YES,Substantively discusses the statistical validity and limitations of deep learning imputation under missingness mechanisms (MAR vs. MNAR) for time series clustering.,REVIEW
Piadeh et al.,2026,Automated novel real-time framework for rainfall data imputation in flood early warning systems,D,YES,The paper proposes a decision tree and KNN ensemble framework for real-time rainfall data imputation without addressing statistical missing data theory.,SKIP
Poyam et al.,2025,Assessment of performance of conventional and machine learning methods for estimating missing precipitation data,D,YES,The paper evaluates ANN and LSTM models against conventional methods for precipitation data using predictive error metrics without connecting to statistical inference theory.,SKIP
Moon et al.,2025,AUGMENTED DOUBLY ROBUST POST-IMPUTATION INFERENCE FOR PROTEOMIC DATA,A,NO,The paper provides a formal statistical framework with provable properties combining variational autoencoders with doubly robust estimation for valid post-imputation inference.,REVIEW
So et al.,2025,Application of machine learning methods in the imputation of heterogeneous co-missing data,C,NO,"The paper evaluates machine learning clustering methods combined with multiple imputation empirically, mentioning multiple imputation only as background.",SKIP
Sharma et al.,2025,"Application of deep learning techniques for analysis and prediction of particulate matter at Kota city, India",C,YES,The paper uses multiple imputation in XLSTAT as a standard preprocessing step before applying LSTM and GRU models for particulate matter prediction.,SKIP
Lisik et al.,2024,Artificial intelligence in pediatric allergy research,C,NO,The paper is a broad review of artificial intelligence applications in pediatric allergy research that mentions missing data and multiple imputation in passing.,SKIP
Xin et al.,2024,An enhanced feature extraction based long short-term memory neural network for wind power forecasting via considering the missing data reconstruction,C,YES,The paper applies standard multiple imputation as a preprocessing step to reconstruct missing samples before wind power forecasting with a CNN-LSTM architecture.,SKIP
Meng et al.,2025,Applying machine learning to understand the role of social-emotional skills on subjective well-being and physical health,D,NO,The paper applies machine learning algorithms to survey data for well-being prediction without addressing deep learning imputation theory or statistical validity.,SKIP
Kim et al.,2024,An Unsupervised Data-Mining and Generative-Based Multiple Missing Data Imputation Network for Energy Dataset,C,YES,"The paper proposes a generative adversarial network for multiple imputation of energy data, but evaluates it empirically without establishing a theoretical bridge to Rubin's inference framework.",SKIP
El Emam et al.,2024,An evaluation of the replicability of analyses using synthetic health data,B,NO,"The paper substantively evaluates the statistical validity of generative AI synthetic data under Rubin's combining rules, analyzing confidence interval coverage, bias, and population inference.",REVIEW
Wang et al.,2022,Are deep learning models superior for missing data imputation in surveys? Evidence from an empirical comparison,B,NO,"The paper substantively evaluates deep learning imputation models (GAIN, MIDAS) against MICE using repeated sampling properties, bias, MSE, and confidence interval coverage under Rubin's framework.",REVIEW
Samal et al.,2021,An improved pollution forecasting model with meteorological impact using multiple imputation and fine-tuning approach,C,YES,The paper uses KNN imputation as a data preprocessing routine before training a Convolutional LSTM sparse autoencoder for pollution forecasting.,SKIP
Dillard et al.,2021,Artificial Intelligence Application in Combustion Modeling,C,NO,The paper applies standard MICE to impute missing fluid properties in physical test datasets before fitting machine learning regression models.,SKIP
McMahon et al.,2020,Approaches to Dealing With Missing Data in Railway Asset Management,C,YES,"The paper reviews practical missing data recovery algorithms for railway asset management, mentioning missingness mechanisms without bridging deep learning to statistical inference theory.",SKIP
Hibbah et al.,2020,An MCMC computational approach for a continuous time state-dependent regime switching diffusion process,D,YES,"The paper uses classical Bayesian MCMC data augmentation for continuous-time diffusion processes, without involving deep learning imputation architectures.",SKIP
Barhate et al.,2018,Analysis of Classifiers for Prediction of Type II Diabetes Mellitus,D,NO,The paper compares standard classification algorithms on the Pima Indians Diabetes dataset without addressing missing data theory or deep learning imputation.,SKIP
Sattari et al.,2017,Assessment of different methods for estimation of missing data in precipitation studies,D,YES,The paper evaluates statistical regression and decision tree methods for missing precipitation estimation based on predictive error metrics without connecting deep learning to statistical validity.,SKIP
Spezia et al.,2008,Bayesian inference and forecasting in dynamic neural networks with fully Markov switching ARCH noises,A,YES,The paper provides a formal Bayesian framework where missing values in dynamic neural networks are treated as unknown parameters and sampled directly from their joint posterior distribution.,REVIEW
Zhang et al.,2004,Bayesian estimation and classification with incomplete data using mixture models,A,NO,The paper formally extends Tanner and Rubin's Data Augmentation framework for multiple imputation to neural mixture models for Bayesian missing data inference.,REVIEW
Qaffou et al.,2022,Bayesian inference of the basic reproduction number for a SIR epidemic model,D,YES,The paper uses classical MCMC data augmentation for basic reproduction number estimation in SIR epidemic models without deep learning imputation.,SKIP
Zhang,2026,An Adaptive Transformer-Based Framework for Evaluating the Digital Literacy of Innovative Talents,D,YES,"The paper presents a Transformer and Deep Q-Network framework for educational evaluation, mentioning missing value handling strictly as a routine data preparation step.",SKIP
Calley et al.,2023,APPLICATION OF PRINCIPAL COMPONENT ANALYSIS FOR POWER TRANSFORMER ASSET MANAGEMENT,D,NO,The paper applies principal component analysis and routine multiple imputation to transformer condition monitoring data without addressing deep learning inference theory.,SKIP
Chatterjee et al.,2023,An ensemble algorithm integrating consensus-clustering with feature weighting based ranking and probabilistic fuzzy logic-multilayer perceptron classifier for diagnosis and staging of breast cancer using heterogeneous datasets,C,NO,The paper uses MICE as a standard preprocessing step before applying an ensemble clustering and MLP classifier for breast cancer diagnosis.,SKIP
Dávila-Morán et al.,2023,Application of Machine Learning Models in Fraud Detection in Financial Transactions,C,NO,"The paper applies machine learning models to financial fraud detection, using standard multiple imputation strictly as a data preprocessing routine.",SKIP
Chen et al.,2018,Assessment of de-spiking algorithms applied to LWD data,C,YES,"The paper evaluates spike detection and replacement in drilling logs, mentioning statistical multiple imputation in passing as an alternative replacement option.",SKIP
Dalai et al.,2025,Air Quality Forecasting using Deformable Graph Convolution Networks with Growth Optimization,C,YES,The paper uses MICE to complete missing air quality values prior to training a Deformable Graph Convolutional Network.,SKIP
Seu et al.,2022,An Intelligent Missing Data Imputation Techniques: A Review,C,NO,"The paper presents an empirical benchmark comparing KNN, BPCA, MICE, and MIDAS using error metrics (MAE/RMSE) without discussing statistical validity or Rubin's inference framework.",SKIP
Manrique et al.,2023,"Application of Artificial Intelligence Tools, Data Processing, and Analysis in the Forecasting of Level and Flow Variables in Wells with Little Data from the Morroa Aquifer",C,YES,The paper uses Multiple Imputation as a data preparation step before training LSTM networks for groundwater level forecasting.,SKIP
Mankouri et al.,2025,Advancing Early Detection of Type 2 Diabetes: A Machine Learning Approach with Combined Clinical Datasets,C,NO,"The paper compares KNN, Hot Deck, and MICE imputation techniques as preprocessing choices for diabetes prediction models.",SKIP
Zhou et al.,2024,An early sepsis prediction model utilizing machine learning and unbalanced data processing in a clinical context,C,NO,The paper uses Multiple Imputation to handle missing clinical values in data preprocessing for an early sepsis prediction model.,SKIP
Gong et al.,2026,Comprehensive Deep Learning Framework for Indoor Localization With BLE RSSI in Dynamic Environments,C,YES,"Mentions MICE as a data interpolation preprocessing step alongside a Transformer model for indoor localization, but does not examine the statistical validity framework or theoretical proofs.",SKIP
Alvars et al.,2026,"Comparative analysis of support vector machines, artificial neural network, random forest and gradient boosting for predictive maintenance in mining machinery and equipment: a case study of Chadormalu Iron Ore Mine",D,NO,"Uses standard missing value imputation only as part of data cleaning for machine learning classification in mining machinery maintenance, without addressing statistical inference theory.",SKIP
Zhou et al.,2026,Benchmarking Data-Driven Imputation Methods for IMU Sensors: A Comprehensive Evaluation Across Scenarios and Parameters,C,YES,Benchmarks 12 empirical imputation methods including MICE and deep learning models on IMU sensors without connecting DL imputation to Rubin's statistical inference theory.,SKIP
Poette et al.,2026,Benchmarking imputation strategies for missing time-series data in critical care using real-world-inspired scenarios,C,YES,"Evaluates deep learning and statistical imputation methods under MCAR and structured missingness mechanisms in critical care time series, but focuses on predictive benchmark accuracy rather than formal statistical validity theory.",SKIP
Sejine et al.,2026,"Bridging gaps in sparse groundwater data: classical, ensemble, and deep learning approaches for single- and multi-well imputation",C,YES,"Mentions MICE as a classical baseline alongside LSTM for groundwater-level gap-filling, without addressing statistical inference theory or Rubin's framework.",SKIP
Fong et al.,2025,Bayesian quantile estimation and regression with martingale posteriors,D,NO,"Develops a Bayesian nonparametric theoretical framework (Quantile Martingale Posterior) for quantile estimation and regression, but does not involve deep learning imputation architectures.",SKIP
Fattahillah et al.,2025,Benchmark of Clean Water Classification Based on Water Quality Index using Deep Learning,D,NO,Uses data imputation as a basic preprocessing step for classifying water quality indices using deep learning models without discussing statistical inference theory.,SKIP
Zahmatkesh et al.,2025,Comparing the Performance of Recurrent Neural Network and Some Well-Known Statistical Methods in the Case of Missing Multivariate Time Series Data,C,YES,"Compares recurrent neural networks (LSTM-D/GRU-D) with statistical methods (MICE, Bootstrapped-EM) under MAR and non-random missingness assumptions in time series, but focuses on empirical performance evaluation rather than theoretical statistical validity.",SKIP
Gendre et al.,2024,Benchmarking imputation methods for categorical biological data,C,NO,"Mentions missing data mechanisms and multiple imputation in a benchmarking framework for categorical species trait data, but does not address Rubin's statistical inference theory.",SKIP
Arias-Muñoz et al.,2024,Comparative analysis of traditional methods and a deep learning approach for multivariate imputation of missing values in the meteorological field,C,YES,"Compares Expectation Maximization with Bootstrap (EMB), MissForest, and LSTM for meteorological time series imputation, focusing on predictive accuracy rather than statistical inference theory.",SKIP
Chen et al.,2024,CDRM: Causal disentangled representation learning for missing data,C,NO,"Mentions conventional multiple imputation as motivation for proposing a causal disentangled VAE framework, but does not formally connect DL imputation to Rubin's statistical inference theory.",SKIP
Kierdorf et al.,2022,Behind the Leaves: Estimation of Occluded Grapevine Berries With Conditional Generative Adversarial Networks,D,NO,"Applies Conditional GANs to synthesize occluded image regions for grapevine berry counting, without addressing statistical missing data inference theory.",SKIP
Abroshan et al.,2023,Conservative Policy Construction Using Variational Autoencoders for Logged Data With Missing Values,A,NO,Formally derives a variational framework using Partial Variational Autoencoders (PVAEs) to estimate the posterior distribution P(X | X_obs) under feature missingness to safely bound uncertainty in offline decision-making policies.,REVIEW
Baddoo et al.,2021,Comparison of Missing Data Infilling Mechanisms for Recovering a Real-World Single Station Streamflow Observation,C,YES,"Compares univariate and multiple imputation methods for single-station streamflow time series recovery, focusing on empirical error metrics without connecting DL imputation to statistical inference theory.",SKIP
Kim et al.,2019,Chronic Disease Prediction Using Character-Recurrent Neural Network in The Presence of Missing Information,C,NO,"Uses a character-recurrent neural network (Char-RNN) to implicitly infer missing clinical values during prediction without requiring separate imputation, but does not address Rubin's statistical inference theory.",SKIP
Yang et al.,2019,Categorical EHR Imputation with Generative Adversarial Nets,C,NO,"Proposes a GAN-based categorical imputation model for EHR data and contrasts it with traditional multiple imputation, but focuses on predictive accuracy rather than formal statistical validity theory.",SKIP
Yilmaz et al.,2019,Completing right-censored data in time-series modelling,C,YES,"Implements ANN-based and Gaussian imputation for completing right-censored time series observations, focusing on predictive modeling performance without addressing Rubin's statistical inference framework.",SKIP
Jordanov et al.,2018,CLASSIFIERS ACCURACY IMPROVEMENT BASED ON MISSING DATA IMPUTATION,C,NO,"Evaluates Multiple Imputation (MI), KNN, and Bagged Trees for imputing missing values in radar signal classification, focusing on classifier accuracy without formal DL statistical inference theory.",SKIP
Yozgatligil et al.,2013,Comparison of missing value imputation methods in time series: the case of Turkish meteorological data,C,YES,"Compares simple interpolation, MLP neural networks, and EM-MCMC multiple imputation on spatio-temporal meteorological time series, focusing on empirical precision metrics.",SKIP
Ng et al.,2009,Comparative Studies in Problems of Missing Extreme Daily Streamflow Records,C,YES,"Evaluates GRNN-GA, k-NN, and multiple imputation for infilling missing daily streamflow records, focusing on empirical error metrics.",SKIP
Moffat et al.,2007,Comprehensive comparison of gap-filling techniques for eddy covariance net carbon fluxes,C,YES,"Reviews and benchmarks 15 gap-filling techniques (including ANNs and Multiple Imputation Methods) for eddy covariance flux time series, assessing empirical reliability of annual flux sums.",SKIP
Tan et al.,2026,Bridging Machine Learning and Clinical Endpoints: A METABRIC-Informed Simulation Study of Missing Data Imputation for RECIST-Based Best Overall Response,B,YES,"Substantively discusses and evaluates the statistical validity of ML/DL imputation (LSTM, MissForest) versus multiple imputation under MAR and MNAR estimand strategies for inferential clinical endpoints (RECIST Best Overall Response) without providing formal mathematical proofs.",REVIEW
Norazizi et al.,2019,Comparison of Artificial Neural Network (ANN) and Other Imputation Methods in Estimating Missing Rainfall Data at Kuantan Station,C,YES,"Compares ANN, Bootstrapped-EM, and MICE for imputing missing daily rainfall data, focusing on empirical MAE/RMSE/R2 performance.",SKIP
Jamil et al.,2015,Constructing partial least squares model in the presence of missing data,C,NO,"Evaluates Multiple Imputation and Neural Network post-processing for partial least squares modeling of missing data, focusing on empirical estimation accuracy.",SKIP
Feng et al.,2025,Coal and gas outburst risk prediction based on improved DBO optimized CNN,D,NO,"Uses MICE as a standard data preprocessing step prior to CNN classification for coal and gas outburst prediction, without addressing statistical inference theory.",SKIP
de Vries et al.,2021,Comparing three machine learning approaches to design a risk assessment tool for future fractures: predicting a subsequent major osteoporotic fracture in fracture patients with osteopenia and osteoporosis,C,NO,"Applies MICE or RSF imputation as preprocessing to missing clinical data before training survival models (Cox, ANN-DeepSurv), without examining the statistical validity of DL imputation.",SKIP
Pang et al.,2025,Conditional Diffusion Model-based Imputation Method for Missing Satellite Telemetry Data,A,YES,Formulates a conditional diffusion deep learning model that formally models the posterior distribution of missing satellite telemetry values P(X_mis | X_obs) given observed conditioning data.,REVIEW
Choi et al.,2024,CONDITIONAL INFORMATION BOTTLENECK APPROACH FOR TIME SERIES IMPUTATION,A,YES,Provides a formal theoretical analysis adapting variational decomposition to prove that the conditional information bottleneck (CIB) framework provides a theoretical foundation for deep learning multiple imputation and uncertainty quantification in time series.,REVIEW
Chu et al.,2024,Causal Interventional Prediction System for Robust and Explainable Effect Forecasting,C,YES,"Combines a variational autoencoder with fully conditional specification of multiple imputations for causal effect prediction, but focuses on causal interventional forecasting rather than the statistical validity bridge between DL imputation and Rubin's framework.",SKIP
Dauletkhan et al.,2025,"Comparative Analysis of Statistical, Machine Learning, and Deep Learning Models for PM2.5 Prediction in Almaty",C,YES,"Evaluates how different imputation techniques (mean, time-based mean, MICE) affect the predictive accuracy of ML and DL models (LSTM, CNN, CNN-LSTM) for air pollution forecasting, without addressing statistical inference theory.",SKIP
Sun et al.,2023,Deep learning versus conventional methods for missing data imputation: A review and comparative study,B,NO,"Substantively reviews and compares deep learning imputation against conventional statistical methods across MCAR, MAR, and MNAR mechanisms, relying on empirical benchmarking rather than formal mathematical proofs.",REVIEW
Tharuksha & Sampath,2026,Data-Driven Prediction of Caprock Breakthrough Pressure and Permeability for CO2 Storage Integrity: A Meta-Analysis,D,NO,Uses standard MICE solely as a routine missing data preprocessing step prior to geological regression modeling without addressing deep learning imputation theory.,SKIP
Surakhi et al.,2026,DeepSIP: A Deep Learning Approach for Sensor Data Imputation and Time Series Forecasting,C,YES,"Proposes a deep learning architecture for sensor time series imputation and forecasting, mentioning MICE and missing data bias only in passing as empirical benchmarks.",SKIP
Le et al.,2026,Data Imputation for Noisy Time-Series Data in Healthcare,C,YES,"Benchmarks MICE-RF against deep learning time-series models for noise reduction and missing data, referencing statistical imputation only as an experimental baseline.",SKIP
Yu et al.,2025,CTDI: CNN-Transformer-Based Spatial-Temporal Missing Air Pollution Data Imputation,D,YES,Presents an engineering CNN-Transformer architecture for spatial-temporal air quality imputation without addressing Rubin missing data inference theory.,SKIP
Suwattananuruk & Chien,2025,Denoising variational autoencoders for smart inspection of wafer probe card PCB channels for advancing quality control for semiconductor manufacturing,C,NO,"Applies a denoising variational autoencoder for semiconductor probe card channel inspection, citing MICE only in passing as an empirical baseline.",SKIP
Shi et al.,2025,Data Imputation Based on Retrieval-Augmented Generation,D,NO,Introduces a Retrieval-Augmented Generation framework using LLMs for data lake tabular imputation without addressing the theoretical connection to statistical missing data inference.,SKIP
Mantuano et al.,2025,Data imputation methods for intermittent renewable energy sources: Implications for energy system modeling,B,YES,Substantively evaluates how deep learning and statistical imputation methods impact distribution preservation and statistical validity in downstream energy optimization models.,REVIEW
Mello-Román & Martínez-Amarilla,2025,COVID-19 Data Analysis: The Impact of Missing Data Imputation on Supervised Learning Model Performance,C,NO,Evaluates missing data imputation algorithms (including MICE) to preprocess clinical COVID-19 data for classifier accuracy without addressing deep learning inference theory.,SKIP
Hani et al.,2025,"Context-Aware Imputation for Parkinson's Disease Trajectories: Systematic Benchmark of Cross-Sectional, Temporal, and Generative Approaches",B,YES,Substantively benchmarks generative variational models against MICE under MAR and MNAR mechanisms to evaluate statistical bias and inferential validity in longitudinal trajectories.,REVIEW
Thoi et al.,2025,Deep Learning-assisted Diagnosis of Extrahepatic Common Bile Duct Obstruction Using MRCP Imaging and Clinical Parameters,D,NO,"Applies routine missing data imputation as an undisclosed preprocessing step for multimodal medical imaging classification, with no discussion of statistical missing data theory.",SKIP
Dong et al.,2024,Deep network embedding with dimension selection,A,NO,Provides a formal theoretical proof that deep network embedding vectors treated as missing data converge weakly to the true posterior distribution in 2-Wasserstein distance.,REVIEW
Lim et al.,2024,Deeply Learned Generalized Linear Models with Missing Data,A,NO,Establishes a formal probabilistic bridge for deeply learned generalized linear models under ignorable (MAR) and non-ignorable (MNAR) missingness mechanisms via ELBO bounds.,REVIEW
Elseddik et al.,2023,Deep Learning-Based Approaches for Enhanced Diagnosis and Comprehensive Understanding of Carpal Tunnel Syndrome,D,NO,Presents a clinical application of deep learning and standard hypothesis tests for Carpal Tunnel Syndrome diagnosis without addressing missing data imputation theory.,SKIP
Collier et al.,2024,Deep Learning Imputation for Asymmetric and Incomplete Likert-Type Items,B,NO,"Substantively discusses the statistical validity, bias, and underlying assumptions of traditional imputation on rating scale data while introducing a deep learning imputation alternative.",REVIEW
Xu et al.,2023,Deep Learning-Based Imputation Method to Enhance Crowdsourced Data on Online Business Directory Platforms for Improved Services,C,NO,"Proposes a deep learning imputation framework for crowdsourced business directory attributes, citing missingness issues as general practical background.",SKIP
Choi et al.,2021,Deep Learning Approach to Generate a Synthetic Cognitive Psychology Behavioral Dataset,D,NO,Focuses on synthetic tabular data generation using pre-trained GANs for small cognitive psychology samples rather than missing data imputation or inference theory.,SKIP
Ghalebikesabi et al.,2021,Deep Generative Missingness Pattern-Set Mixture Models,A,NO,Rigorously derives a VAE framework based on Little (1993) pattern-set mixture models to sample from posterior distributions under ignorable (MAR) and non-ignorable (MNAR) missingness.,REVIEW
Dong et al.,2020,Counterfactual learning for recommender system,C,NO,Mentions Rosenbaum and Rubin propensity score frameworks and imputation models as background in a general overview of counterfactual debiasing for recommender systems.,SKIP
de Jong et al.,2019,Deep learning for clustering of multivariate clinical patient trajectories with missing values,C,YES,"Proposes a recurrent VAE model (VaDER) to handle missing values when clustering clinical time series trajectories, focusing on empirical clustering rather than missing data inference theory.",SKIP
Lin et al.,2020,Data-driven missing data imputation in cluster monitoring system based on deep neural network,C,NO,Proposes a deep feature imputation heuristic for server cluster monitoring systems and compares it empirically against conventional multiple imputation without theoretical proofs.,SKIP
Wang et al.,2019,Data augmentation for intelligent manufacturing with generative adversarial framework,D,YES,Applies a GAN framework for energy consumption time series data augmentation in manufacturing without engaging with statistical missing data inference theory.,SKIP
Simmonds et al.,2017,Data Preprocessing to Enhance Flow Forecasting in a Tropical River Basin,D,YES,Evaluates standard statistical multiple imputation as a preprocessing step prior to training neural network river flow forecasting models.,SKIP
Dash et al.,2016,Design of self-adaptive and equilibrium differential evolution optimized radial basis function neural network classifier for imputed database,D,NO,Proposes a medoid imputation heuristic and RBF neural network classifier for tabular datasets without addressing statistical missing data inference theory.,SKIP
Sobrevilla et al.,2016,"Daily Weather Forecast in Tiwi, Albay, Philippines using Artificial Neural Network with Missing Values Imputation",D,YES,Uses basic multiple imputation and listwise deletion for dataset preprocessing prior to neural network weather forecasting.,SKIP
Kuroda,2005,Data augmentation algorithm for graphical models with missing data,D,NO,"Focuses on classical Bayesian data augmentation for discrete graphical models, pre-dating modern deep learning imputation and containing no neural architecture.",SKIP
Sushil et al.,2024,Cross-institution natural language processing for reliable clinical association studies: a methodological exploration,B,NO,"Substantively explores methodological validity, measurement error, and association bias when using deep NLP feature extraction alongside multiple imputation in clinical epidemiology.",REVIEW
Chen et al.,2025,Copula-Conditional GAIN: A Vine Copula-Empowered Framework for High-Fidelity Imputation of Missing Geotechnical Parameters,C,NO,"Combines MICE preprocessing with C-Vine Copula and GAIN for engineering parameter imputation, evaluating empirical metrics without theoretical statistical proofs.",SKIP
Zhang et al.,2018,Deep Matrix Factorization for Recommender Systems with Missing Data not at Random,A,NO,"Formulates a deep matrix factorization architecture under the MNAR framework, deriving variational Bayesian inference for sampling missing entries from the posterior distribution.",REVIEW
Nuevas & Natividad,2026,"Data Imputation Strategies for GRU-Based Corn Yield Forecasting: A Comparative Analysis of KNN, MICE, and EM",D,YES,"Evaluates KNN, MICE, and EM imputation techniques as standard preprocessing choices for downstream GRU time series forecasting models.",SKIP
Lall et al.,2023,Efficient Multiple Imputation for Diverse Data in Python and R: MIDASpy and rMIDAS,B,NO,Substantively discusses deep learning multiple imputation using denoising autoencoders to enable valid statistical inference under Rubin's framework without providing formal convergence proofs.,REVIEW
Abkar et al.,2026,Designing an explainable algorithm based on XGBoost and genetic algorithm for predicting hospitalization needs of COVID-19 patients,C,NO,Mentions MICE only as a routine clinical preprocessing technique for handling missing variables in COVID-19 risk prediction.,SKIP
Lei et al.,2026,Development and External Validation of an Explainable Machine-Learning Model for Predicting Postoperative Pulmonary Complications in Older Adults Undergoing Degenerative Spine Surgery,C,NO,Uses multiple imputation as a routine preprocessing step to handle missing clinical variables before training perioperative machine learning models.,SKIP
Shi et al.,2026,Development and validation of a prediction model for moderate-to-severe radiation dermatitis in patients with nasopharyngeal carcinoma: A machine learning study,C,NO,Uses Multiple Imputation by Chained Equations (MICE) purely as a standard data preprocessing step before building clinical machine learning prediction models.,SKIP
Wang et al.,2026,Development of a machine learning-based prediction model for postoperative delirium in frail elderly patients undergoing noncardiac surgery under general anesthesia,C,NO,Applies MICE as standard preprocessing for clinical variables prior to training machine learning models for postoperative delirium prediction.,SKIP
Ali et al.,2025,Dynamic Bayesian KNN with Confidence Intervals: A Reliable Imputation Method for High-Dimensional and Sparse Data,C,NO,Mentions MICE and GAIN as empirical imputation baselines without examining statistical inference theory or Rubin's framework.,SKIP
Ben Achour et al.,2025,Development of an artificial intelligence model for predicting the etiology of venous thromboembolism,C,NO,Mentions MICE in passing as a preprocessing step prior to training neural network models for predicting venous thromboembolism etiology.,SKIP
Hu et al.,2025,Development of a warning model for drug-induced liver injury in the older patients,C,NO,Employs Random Forest multiple imputation purely as a data preparation step for clinical drug-induced liver injury prediction.,SKIP
O'Sullivan et al.,2025,Efficient Likelihood and Machine-Learning Models for Spatiotemporal Rainfall Estimation and Imputation,C,YES,Mentions MICE regression baselines in passing when evaluating proposed spatiotemporal DeepKriging and likelihood models on rainfall time series.,SKIP
Pittala et al.,2025,Enhanced High-Dimensional Data Prediction using Additive Square Lasso-based Imputation and Deep Learning Architectures,C,YES,Mentions multiple imputation in the context of an applied predictive framework combining Lasso and RNN-LSTM without addressing statistical validity theory.,SKIP
Saini et al.,2025,DMDI-Extended: Robust and Uncertainty-Aware Deep Imputation for Reliable Intrusion Detection Systems,C,NO,"Combines denoising autoencoders and XGBoost for multiple imputation in intrusion detection, focusing on empirical detection accuracy rather than Rubin's statistical validity theory.",SKIP
Saxena et al.,2025,Early detection of mental health conditions using multimodal generative AI with MI-GBF and fusion-three branch network,C,NO,Mentions Multiple Imputation with Graph-Based Filtering (MI-GBF) as a data cleaning step in a multimodal generative AI pipeline.,SKIP
Wang et al.,2025,Development and Validation of an Interpretable Machine Learning Model for Predicting Early Fusion After Anterior Cervical Discectomy and Fusion,C,NO,Applies multiple imputation as standard data preparation prior to training gradient boosting models for surgical outcome prediction.,SKIP
Ahammed et al.,2024,Enhanced wind velocity imputation near building structures using advanced machine learning techniques,C,YES,Evaluates GAIN and MICE as predictive tools for missing instantaneous wind velocity time-series data without addressing statistical inference theory.,SKIP
Ma et al.,2024,Edge-cloud collaboration-driven predictive planning based on LSTM-attention for wastewater treatment,C,YES,Uses MICEForest as a routine preprocessing tool for missing values prior to LSTM-Attention time-series modeling for wastewater treatment.,SKIP
López et al.,2021,Effect of missing data on short time series and their application in the characterization of surface temperature by detrended fluctuation analysis,C,YES,Mentions multiple imputation as background comparison when evaluating detrended fluctuation analysis on short surface temperature time series.,SKIP
Köse et al.,2020,Effect of Missing Data Imputation on Deep Learning Prediction Performance for Vesicoureteral Reflux and Recurrent Urinary Tract Infection Clinical Study,C,NO,Mentions MICE and FAMD in passing as empirical preprocessing options before running deep learning classifiers on clinical data.,SKIP
Fernandes et al.,2010,Different Methodologies for Patient Stratification Using Survival Data,C,NO,Uses multiple imputation solely as a routine data handling method prior to fitting neural network survival models for breast cancer prognosis.,SKIP
Ayuyev et al.,2009,Dynamic Clustering-Based Estimation of Missing Values in Mixed Type Data,C,NO,Mentions multiple imputation as a benchmark baseline when evaluating a proposed dynamic clustering method on social science datasets.,SKIP
Tao et al.,2026,Dual-dimensional adaptive sequential learning: Enhanced fault diagnosis under multivariate data missing,D,YES,Proposes a sequential learning framework for sensor fault diagnosis using GAIN without addressing statistical missing data inference theory.,SKIP
Khafaga et al.,2025,Enhanced early chronic kidney disease prediction using hybrid waterwheel plant algorithm for deep neural network optimization,D,NO,Focuses on optimizing a deep neural network for chronic kidney disease prediction without addressing statistical imputation theory.,SKIP
Bejugam et al.,2024,Diabetes Prediction using Deep Ensemble Network,D,NO,Focuses on early diabetes diagnosis using a deep ensemble network and bio-inspired feature selection without statistical missing data theory.,SKIP
Murukesh et al.,2024,Downscaling and reconstruction of high-resolution gridded rainfall data over India using deep learning-based generative adversarial network,D,YES,Focuses on spatial super-resolution of rainfall data using SRGAN without referencing statistical missing data inference theory.,SKIP
Shih et al.,2023,Distinguishing Bladder Cancer from Cystitis Patients Using Deep Learning,D,NO,Develops deep learning models for medical diagnosis using oversampling and feature selection without addressing missing data inference theory.,SKIP
Telyatnikov et al.,2023,EGG-GAE: scalable graph neural networks for tabular data imputation,D,NO,Proposes a graph autoencoder architecture for tabular missing data reconstruction evaluated on imputation error rather than statistical inference validity.,SKIP
Liu et al.,2022,Development and validation of a meta-learner for combining statistical and machine learning prediction models in individuals with depression,D,NO,Combines statistical regression and neural networks for clinical outcome prediction without addressing missing data theory or imputation validity.,SKIP
Pan et al.,2021,Energy Consumption Prediction of a CNC Machining Process With Incomplete Data,D,NO,Applies GAIN as an algorithmic tool for point imputation in manufacturing energy prediction without connecting it to statistical inference theory.,SKIP
Yan et al.,2021,Emerging approaches applied to maritime transport research: Past and future,D,NO,A domain review of machine learning applications in maritime shipping and port operations that does not address statistical imputation theory.,SKIP
Kros et al.,2006,Effects of the neural network s-Sigmoid function on KDD in the presence of imprecise data,D,NO,Evaluates neural network transfer function sensitivity to missing data levels without discussing statistical inference theory or Rubin's framework.,SKIP
Sharma et al.,2004,Effect of missing values estimations on traffic parameters,D,YES,Evaluates neural networks and ARIMA models for imputing missing hourly traffic count time series without referencing statistical missing data frameworks.,SKIP
Ferrer-Cid et al.,2026,Evaluating missing value imputation strategies to enhance IoT data availability in the edge,B,YES,Substantively evaluates the statistical validity and uncertainty quantification (confidence interval coverage) of deep VAE imputation relative to MICE on edge IoT sensor data.,REVIEW
Prabhu et al.,2026,Entropy Guided Benchmarking of Classical and Generative Imputation Methods for High-Dimensional Healthcare Survey Data,B,NO,Benchmarks deep generative imputation against MICE by substantively evaluating distributional preservation (KS statistics) and downstream SEM validity across missingness complexity levels.,REVIEW
Willis et al.,2026,Evaluation of accuracy and potential biases of imputation methods on biomedical datasets subject to different mechanisms and patterns of missingness,B,NO,"Substantively evaluates accuracy, statistical bias, coverage, and distributional distance (Wasserstein distance) of imputation methods across MCAR, MAR, and MNAR mechanisms.",REVIEW
He et al.,2025,Evaluation of Generative Adversarial Imputation Nets' Performance in Handling Missing Data in Structural Equation Modeling,B,NO,"Substantively evaluates the statistical inferential validity (parameter estimation bias, variability, and SEM model fit recovery) of deep generative imputation (GAIN) against statistical benchmarks (FIML, MI).",REVIEW
Barth et al.,2024,Ensemble reconstruction of missing satellite data using a denoising diffusion model: application to chlorophyll a concentration in the Black Sea,B,YES,"Substantively evaluates the statistical validity, ensemble reliability, and probabilistic uncertainty quantification of deep diffusion imputation for satellite ocean data.",REVIEW
Senetaire et al.,2023,Explainability as statistical inference,B,NO,Casts model interpretability as a statistical inference problem and substantively examines the role of proper multiple imputation in neural feature attribution.,REVIEW
Boursalie et al.,2022,Evaluation Metrics for Deep Learning Imputation Models,B,NO,Substantively contrasts predictive metrics (RMSE) with statistical validity (Jensen-Shannon distance) to evaluate deep learning imputation models against statistical standards.,REVIEW
Bräm et al.,2022,Evaluation of machine learning methods for covariate data imputation in pharmacometrics,B,NO,"Substantively evaluates the statistical validity (estimation bias) of machine learning imputation methods (RF, ANN) against statistical MI benchmarks in pharmacometrics.",REVIEW
Bhaskaran et al.,2026,Enhanced WSN-IoT Security in Cyber-Physical Systems Employing a Directed Acyclic Graph Triplet Attention Network and Draco Lizard Optimizer,C,YES,Mentions adaptive multiple imputation (AMIMVC) purely as a data preprocessing heuristic for IoT network security classification without addressing statistical inference theory.,SKIP
Faisal et al.,2026,Explainable machine learning for risk stratification following TAVI,C,NO,Applies multiple imputation as a routine preprocessing step for missing clinical parameters in a post-TAVI risk stratification machine learning model.,SKIP
Tasnia et al.,2026,"Evaluating Machine Learning Models for Classifying Diabetes Using Demographic, Clinical, Lifestyle, Anthropometric, and Environmental Exposure Factors",C,NO,Mentions MICE in passing as a standard missing data preprocessing technique prior to training supervised classifiers on NHANES data.,SKIP
Vafaei et al.,2026,Enhancing groundwater level prediction through DeepMVI-Aided interpolation and transformer-based modeling,C,YES,Uses DeepMVI for groundwater level data interpolation prior to predictive time series modeling without exploring Rubin's statistical framework.,SKIP
Wang et al.,2026,Evaluating the accuracy of sex estimation from human tooth volume: leveraging automated AI segmentation and comparative analysis of machine learning algorithms,C,NO,Uses MICE as a routine preprocessing step for missing tooth volume data in a forensic machine learning pipeline without addressing theoretical statistical validity.,SKIP
Bori et al.,2025,Evaluating clinical utility of embryo selection algorithms: reducing time to live birth through deep learning and multiple imputation,C,NO,Mentions multiple imputation in passing as a statistical tool for handling missing outcome data alongside deep learning embryo selection.,SKIP
Ghorbani et al.,2025,"Evaluating Deep Learning Data Imputation for Subway Indoor Air Quality: Accuracy, Efficiency, and Implications for Downstream Tasks",C,YES,"Evaluates deep learning imputation (MOP-LSTM) for subway air quality data, mentioning multiple imputation only as background context for missing data handling.",SKIP
Li et al.,2025,Enhancing landslide dam stability prediction: a data-driven framework integrating missing data imputation and optimal threshold discrimination,C,NO,"Evaluates GAIN, missForest, MICE, KNN, and mean imputation as data preprocessing for landslide dam stability ML classifiers, focusing on predictive AUC/accuracy.",SKIP
Mbamba et al.,2025,Enhancing data quality in wastewater processes: Missing data imputation with deep Variational Autoencoders and genetic algorithms,C,YES,"Combines deep VAEs and genetic algorithms for missing data imputation in wastewater processes, framing imputation as an engineering data quality enhancement.",SKIP
van Velze et al.,2025,Evaluation of Machine Learning Model Performance in Diabetic Foot Ulcer: Retrospective Cohort Study,C,NO,Uses deep learning multiple imputation (MIDAS Touch) as a routine preprocessing tool within a clinical machine learning framework for diabetic foot ulcers.,SKIP
Kaur et al.,2024,Estimation of missing weather variables using different data mining techniques for avalanche forecasting,C,YES,Evaluates MICE and nearest-neighbor imputation as preprocessing methods for missing weather variables to improve neural network avalanche forecasting.,SKIP
Wang et al.,2024,Examining factors related to low performance of predicting remission in participants with major depressive disorder using neuroimaging data and other clinical features,C,NO,Implements multiple imputation as a standard preprocessing step in a neuroimaging machine learning pipeline predicting depression remission.,SKIP
Zhang et al.,2024,Enhancement Methods of Hydropower Unit Monitoring Data Quality Based on the Hierarchical Density-Based Spatial Clustering of Applications with a Noise-Wasserstein Slim Generative Adversarial Imputation Network with a Gradient Penalty,C,YES,"Proposes WSGAIN-GP for hydropower unit monitoring data imputation, evaluating empirical distribution distance (KL/JS divergence) without theoretical inference framing.",SKIP
Moghtadernejad et al.,2023,Estimating the Values of Missing Data Related to Infrastructure Condition States Using Their Spatial Correlation,C,YES,"Evaluates spatial-temporal neural networks (Bi-LSTM) and Kriging for infrastructure condition data estimation, referencing stochastic multiple imputation only as background.",SKIP
Lee et al.,2022,Evaluation of Odor Prediction Model Performance and Variable Importance according to Various Missing Imputation Methods,C,NO,"Compares single, multiple, and KNN imputation combinations with ML/DL prediction models for odor concentration without evaluating statistical inference validity.",SKIP
Sachan et al.,2021,Evidential reasoning for preprocessing uncertain categorical data for trustworthy decisions: An application on healthcare and finance,C,NO,Proposes the MAKER framework using evidential reasoning to transform and impute missing categorical attributes for trustworthy AI decisions without theoretical missing data inference analysis.,SKIP
Casiraghi et al.,2020,Explainable Machine Learning for Early Assessment of COVID-19 Risk Prediction in Emergency Departments,C,NO,Employs missing data imputation as a routine preprocessing step in an explainable machine learning pipeline for COVID-19 risk prediction in emergency departments.,SKIP
Mbandi et al.,2019,"Estimating On-Road Vehicle Fuel Economy in Africa: A Case Study Based on an Urban Transport Survey in Nairobi, Kenya",C,NO,"Uses empirical models (GLM, ANN) and multiple imputation for missing vehicle activity survey data in Nairobi to estimate fuel economy and emissions.",SKIP
Yoon et al.,2019,Estimating Missing Data in Temporal Data Streams Using Multi-Directional Recurrent Neural Networks,C,YES,"Proposes M-RNN for missing data interpolation and imputation across temporal medical streams, benchmarked primarily on predictive RMSE improvement.",SKIP
Dragomir et al.,2012,Estimating Annual CO2 Flux for Lutjewad Station Using Three Different Gap-Filling Techniques,C,YES,"Compares multiple regression, multiple imputation, and artificial neural networks for gap-filling hourly CO2 flux data without theoretical statistical inference framing.",SKIP
Minh et al.,2025,Enhancing the Structural Health Monitoring (SHM) through data reconstruction: Integrating 1D convolutional neural networks (1DCNN) with bidirectional long short-term memory networks (Bi-LSTM),D,YES,Focuses on deep learning data reconstruction (1DCNN-BiLSTM) for structural health monitoring without addressing missing data statistical inference theory.,SKIP
Niu et al.,2025,ETDS: A Novel Electricity Theft Detection System for Highly Unbalanced Data in Smart Grids,D,YES,"Proposes an electricity theft detection system with an applied data imputation module, without discussing missing data inference theory or statistical validity.",SKIP
Sun et al.,2026,Generative conditional missing imputation networks,A,NO,Formally establishes the theoretical underpinnings of Generative Conditional Missing Imputation Networks (GCMI) under MCAR and MAR mechanisms integrated with a multiple imputation framework.,REVIEW
Yoon et al.,2018,GAIN: Missing Data Imputation using Generative Adversarial Nets,A,NO,Formally proves that the hint-vector discriminator mechanism guarantees the generator converges to sampling from the true conditional distribution P(X_mis | X_obs) under MAR.,REVIEW
Chen et al.,2023,Handling high-dimensional data with missing values by modern machine learning techniques,B,NO,"Substantively evaluates the statistical validity of deep learning for estimating inferential parameters such as population means, percentiles, and doubly robust estimators under missingness.",REVIEW
Dong et al.,2021,Generative adversarial networks for imputing missing data for big data clinical research,B,NO,"Substantively evaluates and compares the statistical validity, accuracy, and efficiency of GAIN against MICE across simulated MAR mechanisms in large clinical cohorts.",REVIEW
Yoon et al.,2020,GAMIN: Generative Adversarial Multiple Imputation Network for Highly Missing Data,B,NO,Substantively discusses multiple imputation theory and confidence estimation for generating multiple imputations to capture uncertainty under high missingness rates.,REVIEW
Lopes et al.,2015,Handling Missing Data,B,NO,"Substantively discusses statistical missing data mechanisms (MCAR, MAR, MNAR) and the validity of single vs. multiple imputation when applied to neural network models.",REVIEW
Bidarbakhtnia et al.,2026,Global transitions to sustainable development: A cross-country clustering of SDG progress,C,NO,Employs multiple imputation solely as a data preparation step for missing SDG indicator data before neural network clustering.,SKIP
Ng et al.,2026,Genetic Algorithm-Enhanced CMILK for Robust Thermal Facial Data Imputation,C,NO,Applies correlation-based multiple imputation optimized by genetic algorithms to facial landmark temperatures without addressing DL statistical validity theory.,SKIP
Reshmi et al.,2026,Food Adulteration Detection Using Quantum-Inspired Hybrid Optimization Approach,C,NO,Uses MICE strictly as a preprocessing step to handle missing values prior to feature extraction and quantum-hybrid classification.,SKIP
Xiao et al.,2026,Explainable Machine Learning Model Based on Routine Admission Laboratory Tests for Predicting New-Onset Hypoalbuminemia in Hospitalized Older Patients with Acute Exacerbation of COPD,C,NO,Uses multiple imputation solely as a data preparation step for missing admission lab tests in a retrospective clinical predictive study.,SKIP
Yalçin et al.,2026,Explainable tabular deep learning models for antenatal cesarean delivery prediction in multiparous women,C,NO,Mentions multiple imputation strictly as a data preprocessing step prior to evaluating tabular deep learning architectures for clinical prediction.,SKIP
Bahudian et al.,2025,Generating Synthetic Data for Machine Learning Models from the Pediatric Heart Network Fontan I Dataset,C,NO,Uses MICE as a standard data preprocessing step prior to training a generative adversarial network for synthetic pediatric data generation.,SKIP
Baro et al.,2025,GAN-based approach for data imputation and handling class imbalance using one class ensemble,C,NO,Adopts multiple imputation concepts as part of a heuristic GAN-ensemble workflow for imbalanced classification without statistical validity proofs.,SKIP
Huang et al.,2025,Explainable machine learning model for 1-year readmission risk prediction in AECOPD patients: integrating relief feature selection with sample augmentation,C,NO,Uses MICE as a data cleaning step prior to CTGAN data augmentation and clinical readmission risk prediction.,SKIP
Sharma et al.,2025,"Exploring the Role of Abuse, Substance use and General Health in Pregnancy Risk Prediction using Machine Learning Algorithms",C,NO,Uses MICE as a preprocessing tool to handle missing values in survey data before training gradient boosting and neural network classifiers.,SKIP
Chhabra,2024,Handling Missing Data through Artificial Neural Network,C,NO,Empirically compares a back-propagation artificial neural network against statistical multiple imputation for categorical data reconstruction.,SKIP
Jolicoeur-Martineau et al.,2024,Generating and Imputing Tabular Data via Diffusion and Flow-based Gradient-Boosted Trees,C,NO,Evaluates gradient-boosted tree diffusion and flow models on tabular data generation and imputation benchmarks without formal statistical proofs.,SKIP
Mensah et al.,2024,FaceNet recognition algorithm subject to multiple constraints: Assessment of the performance,C,NO,"Applies statistical multiple imputation methods (MICE, MissForest, RegEM) as preprocessing steps for facial de-occlusion before FaceNet evaluation.",SKIP
Balshetwar et al.,2023,Fake news detection in social media based on sentiment analysis using classifier techniques,C,NO,Mentions MICE only as a preprocessing routine for multivariate missing variables in social media data classification.,SKIP
Jiang et al.,2023,Handling missing data in well-log curves with a gated graph neural network,C,YES,Mentions MICE in passing as an empirical baseline (MICE-GRU) when evaluating a gated graph neural network for well-log curve imputation.,SKIP
Wu et al.,2023,Fault Diagnosis of Autonomous Underwater Vehicle with Missing Data Based on Multi-Channel Full Convolutional Neural Network,C,YES,Applies random forest MICE as a data preparation step for missing AUV sensor signals prior to multi-channel CNN fault diagnosis.,SKIP
Li et al.,2022,Filling Missing Surface Roughness Data for Grinding Process Using Physics-Guided Neural Network,C,NO,Mentions traditional imputation methods in passing while introducing a physics-guided neural network for grinding process data.,SKIP
Sun et al.,2022,Feature Completion Using Correlation-Preserved Autoencoder,C,NO,Uses multiple imputation concepts heuristically to motivate ensembling autoencoder outputs without addressing statistical inference theory.,SKIP
Zhou et al.,2022,Gender Difference in Prognosis of Patients with Heart Failure: A Propensity Score Matching Analysis,C,NO,Uses multiple imputation with predictive mean matching solely as a preprocessing step prior to neural network propensity score matching.,SKIP
Calhas et al.,2021,fMRI Multiple Missing Values Imputation Regularized by a Recurrent Denoiser,C,YES,Incorporates chained equations heuristically into a deep neural network layer for multivariate fMRI signal imputation without formal statistical inference proofs.,SKIP
Hazra et al.,2021,"Generating Synthetic Fermentation Data of Shindari, a Traditional Jeju Beverage, Using Multiple Imputation Ensemble and Generative Adversarial Networks",C,NO,Uses MICE and random forest as a pre-imputation ensemble step before training a Wasserstein GAN for synthetic beverage data generation.,SKIP
Woldesellasse et al.,2021,Handling Incomplete and Missing Data in Corrosion Pit Measurement Database Using Imputation Methods: Model Development Using Artificial Neural Network,C,NO,Evaluates eight standard imputation techniques (including AMELIA) as preprocessing routines to train a neural network on corrosion data.,SKIP
Riggi et al.,2015,Handling missing data for the identification of charged particles in a multilayer detector: A comparison between different imputation methods,C,NO,Compares standard multiple imputation and skew-normal EM models as preprocessing routines for neural network particle identification.,SKIP
Wang et al.,2025,Forecasting financial distress in listed Chinese construction firms: leveraging ensemble learning and non-financial variables,D,NO,Focuses on ensemble learning and feature selection for corporate financial distress forecasting without addressing deep learning imputation or statistical missing data theory.,SKIP
Messner,2024,Exploring multilevel data with deep learning and XAI: The effect of personal-care advertising spending on subjective happiness,D,NO,Investigates multilevel cross-country survey data using deep learning and XAI without addressing missing data imputation or statistical validity theories.,SKIP
Simkus & Gutmann,2024,Improving Variational Autoencoder Estimation from Incomplete Data with Mixture Variational Families,A,NO,Mathematically proves how missing data alters the latent posterior distribution in VAEs and formally derives variational mixture lower bounds to guarantee valid inference from incomplete data.,REVIEW
Ipsen et al.,2022,HOW TO DEAL WITH MISSING DATA IN SUPERVISED DEEP LEARNING?,A,NO,Provides a formal variational mathematical framework proving that importance-weighted deep generative models marginalize over missing features under MAR to yield samples from the posterior predictive distribution.,REVIEW
Asiimwe et al.,2026,Improving Genotype Imputation in High-Dimensional Pharmacogenomics Using Multiple Imputation: Evaluation with Machine Learning Approaches,B,NO,"Substantively evaluates Rubin's statistical inference validity, specifically measuring 95% confidence interval coverage and false-positive rates when combining multiple imputation with machine learning.",REVIEW
Zhu & Lai,2022,Improvements Achieved by Multiple Imputation for Single-Cell RNA-Seq Data in Clustering Analysis and Differential Expression Analysis,B,NO,Substantively evaluates applying Rubin's multiple imputation framework to GAN-based deep learning imputation (scIGANs) for downstream statistical inference without providing a formal proof.,REVIEW
Jarrett et al.,2022,HyperImpute: Generalized Iterative Imputation with Automatic Model Selection,B,NO,"Substantively analyzes the statistical validity, conditional distribution matching, and model specification trade-offs between deep generative modeling and Rubin's MICE iterative imputation paradigm.",REVIEW
Dudhe et al.,2025,ICU Mechanical Ventilation Data Imputation,C,YES,"Empirically compares GRU networks and statistical imputation methods (MICE) on ICU mechanical ventilation time series, referencing missingness patterns only as background.",SKIP
Mahmud et al.,2025,IMPUGAN: Learning Conditional Generative Models for Robust Data Imputation,C,NO,Mentions traditional multiple imputation and statistical assumptions as background motivation for proposing a conditional GAN without engaging with statistical inference theory.,SKIP
Afkanpour et al.,2024,Identify the most appropriate imputation method for handling missing values in clinical structured datasets: a systematic review,C,NO,A systematic review categorizing clinical tabular imputation methods across MCAR/MAR/MNAR mechanisms without providing theoretical analysis of the bridge between deep learning and statistical validity.,SKIP
Widi Nurcahyo & Wafridh,2024,Improved Backpropagation Using Genetic Algorithm for Prediction of Anomalies and Data Unavailability,C,NO,Compares a genetic algorithm-optimized backpropagation neural network against standard multiple imputation as an empirical baseline on survey data.,SKIP
Utama et al.,2024,Improving Time-Series Forecasting Performance Using Imputation Techniques in Deep Learning,C,YES,Evaluates traditional imputation methods like MICE prior to deep learning time-series forecasting without analyzing statistical inference validity.,SKIP
Liu et al.,2023,Handling missing values in healthcare data: A systematic review of deep learning-based imputation techniques,C,YES,A systematic review mapping deep learning imputation architectures across healthcare data types without conducting a substantive theoretical analysis of statistical validity.,SKIP
Pavelchek et al.,2023,Imputation of missing values for cochlear implant candidate audiometric data and potential applications,C,NO,"Empirically evaluates MICE, KNN, and neural networks on static audiometric data without addressing theoretical statistical validity or formal inference properties.",SKIP
Aw & Nor,2023,Imputation data for neural network stock market forecasting,C,YES,Applies standard multiple imputation to non-trading days prior to neural network stock price time series forecasting without exploring statistical validity theory.,SKIP
Song et al.,2020,Impacts of Fractional Hot-Deck Imputation on Learning and Prediction of Engineering Data,C,NO,"Investigates non-deep fractional hot-deck statistical imputation for machine learning predictions, referencing Rubin only in passing regarding donor count defaults.",SKIP
Rodenburg et al.,2019,Improving RNN Performance by Modelling Informative Missingness with Combined Indicators,C,YES,Mentions MNAR missingness mechanisms and inferential needs as background motivation for proposing an empirical LSTM missingness indicator method on longitudinal survey time series.,SKIP
Shobha & Nickolas,2019,Imputation of multivariate attribute values in big data,C,NO,Mentions multiple imputation limitations as background motivation for proposing a self-organizing neural network ensemble imputation technique without theoretical analysis of statistical validity.,SKIP
Yadav & Roychoudhury,2018,Handling missing values: A study of popular imputation packages in R,C,NO,Evaluates standard R statistical imputation packages empirically without addressing deep learning imputation theory or formal statistical validity.,SKIP
Mitra & Samanta,2015,Hepatitis Disease Diagnosis Using Multiple Imputation and Neural Network with Rough Set Feature Reduction,C,NO,Uses traditional multiple imputation as a preprocessing step prior to neural network training without discussing the theoretical connection between DL and statistical validity.,SKIP
Belanche et al.,2014,Handling missing values in kernel methods with application to microbiology data,C,NO,Compares extended kernel techniques with multiple imputation for kernel methods on binary microbiology data without addressing deep learning or formal statistical proofs.,SKIP
Xu & Zhang,2013,HONNs with Extreme Learning Machine to Handle Incomplete Datasets,C,NO,Cites Little & Rubin (1987) in passing as generic background before presenting an empirical higher-order neural network model.,SKIP
Xu,2012,HONNs with extreme learning machine to handle incomplete datasets,C,NO,Cites Little & Rubin (1987) as generic background in the introduction before evaluating an extreme learning machine on incomplete tabular datasets.,SKIP
Kalteh & Hjorth,2009,Imputation of missing values in a precipitation-runoff process database,C,YES,"Compares neural networks and classical imputation methods on hydrological rainfall-runoff time series, referencing multiple imputation and normal distribution assumptions only as background.",SKIP
Farhangfar et al.,2008,Impact of imputation of missing values on classification error for discrete data,C,NO,Conducts an empirical study comparing standard single and multiple statistical imputation techniques for discrete classification without addressing deep learning imputation theory.,SKIP
Deepika et al.,2025,HIGHLY ACCURATE HYBRID METHOD FOR ATTENTION DEFICIT HYPERACTIVITY DISORDER CLASSIFICATION BASED ON ANFIS-RFE-GWO,D,NO,Focuses on fuzzy logic and metaheuristic optimization for ADHD classification without addressing missing data inference theory or DL imputation.,SKIP
Khan et al.,2024,High-order polynomial interpolation with CNN: A robust approach for missing data imputation,D,NO,Proposes a heuristic hybrid polynomial-CNN method for missing data imputation without referencing statistical missing data inference theory or Rubin's framework.,SKIP
Perez & Tah,2020,Improving the Accuracy of Convolutional Neural Networks by Identifying and Removing Outlier Images in Datasets Using t-SNE,D,NO,"Focuses on image outlier detection for CNN image classification, completely unrelated to missing data imputation or statistical inference theory.",SKIP
You et al.,2020,Handling Missing Data with Graph Representation Learning,D,NO,Proposes a bipartite graph neural network framework for feature imputation and label prediction without addressing Rubin's statistical inference framework or formal posterior convergence.,SKIP
Choudhury & Pal,2019,Imputation of missing data with neural networks for classification,D,NO,Proposes an autoencoder reconstruction technique for missing data imputation in classification tasks without referencing statistical missing data theory.,SKIP
Prasojo et al.,2019,Health Index Analysis of Power Transformer with Incomplete Paper Condition Data,D,NO,Evaluates practical regression and neuro-fuzzy models to substitute missing power transformer data without engaging with statistical inference theory.,SKIP
Javanmardi et al.,2018,Image Segmentation by Deep Learning of Disjunctive Normal Shape Model Shape Representation,D,NO,"Applies CNNs for image shape segmentation under spatial occlusions, completely unrelated to missing data statistical inference.",SKIP
Sarmiento et al.,2026,KAI: A Scalable Kalman-Attention Imputation Method for Robust Inference in Probabilistic Data,B,YES,"The paper substantively evaluates statistical inference validity, probabilistic calibration, MCAR/MAR/MNAR mechanisms, and interval coverage under multiple imputation for a deep learning time series architecture.",REVIEW
Roskams-Hieter et al.,2023,Leveraging Variational Autoencoders for Multiple Data Imputation,B,NO,"The paper substantively investigates the statistical validity of VAE imputation, addressing empirical coverage, overconfident imputations, generalized Bayes framework for beta-VAEs, and sampling from the posterior distribution of missing values.",REVIEW
Traynor et al.,2021,Imputing Biomarker Status from RWE Datasets-A Comparative Study,B,NO,"The paper substantively evaluates deep learning imputation models against statistical methods, explicitly analyzing missingness mechanisms, distribution shift, and statistical inference validity.",REVIEW
Ergin et al.,2026,Machine learning based identification of key production drivers of sheep population in Turkiye: a century-long analysis with multiple imputation techniques,C,YES,The paper applies multiple imputation as a standard preprocessing step prior to machine learning modeling without evaluating statistical validity or providing formal proofs.,SKIP
Pyrgaki et al.,2026,"Integrated Machine Learning Based Groundwater Quality Prediction in a Peri-Urban Area: The Case of Attica Region, Greece",C,NO,The study uses MICE-PMM solely as a routine missing data preprocessing technique before TabNet classification.,SKIP
Liu et al.,2026,"Latent pain class identification, longitudinal transitions, and machine learning prediction of incident low back pain in middle-aged and older Chinese adults",C,YES,Multiple imputation is used strictly as a data cleaning step for longitudinal health survey data prior to predictive machine learning.,SKIP
Moallemian et al.,2026,Machine learning for missing data imputation in Alzheimer’s research: predicting medial temporal lobe dynamic flexibility,C,NO,"The study empirically benchmarks deep generative imputers (MIWAE, GAIN) against traditional methods in Alzheimer's neuroimaging prediction without formal statistical validity proofs.",SKIP
Tourkmani et al.,2026,"Literature-informed ensemble machine learning for three-year diabetic kidney disease risk prediction in type 2 diabetes: Development, validation, and deployment of the PSMMC NephraRisk model",C,NO,The study applies Bayesian MICE with external priors as a clinical data preparation pipeline for diabetic kidney disease risk prediction.,SKIP
Leite et al.,2025,Machine Learning for Propensity Score Estimation: A Systematic Review and Reporting Guidelines,C,NO,This systematic review on propensity score estimation mentions missing data handling only as a methodology reporting guideline item.,SKIP
Huang et al.,2025,Integration of Multikinds Imputation With Covariance Adaptation Based on Evidence Theory,C,NO,The study focuses on combining multi-kind imputation outputs via evidence theory for classification accuracy rather than analyzing the statistical validity of DL imputation.,SKIP
Ed-Daoudi et al.,2025,Interpretable Machine Learning for Multi-Crop Yield Prediction in Semi-Arid Regions: A Hierarchical Approach to Handle Climate Data Sparsity,C,YES,The study uses MICE as an initial missing data filling step before training hierarchical temporal deep learning models for crop yield prediction.,SKIP
Zhong et al.,2024,InfoCAVB-MemoryFormer: Forecasting of wind and photovoltaic power through the interaction of data reconstruction and data augmentation,C,YES,The paper uses adversarial variational Bayes for data reconstruction in renewable forecasting without evaluating statistical validity under Rubin's framework.,SKIP
Sheng et al.,2024,Interpretable knowledge-guided framework for modeling reservoir water-sensitivity damage based on Light Gradient Boosting Machine using Bayesian optimization and hybrid feature mining,C,NO,The paper uses MICE-SMOTE strictly as a standard data preparation pipeline for gradient boosting regression.,SKIP
Ishaq et al.,2024,Machine Learning Based Missing Data Imputation in Categorical Datasets,C,NO,The study empirically compares machine learning imputation performance on categorical datasets without addressing Rubin's inference framework.,SKIP
Lee et al.,2024,Imputing missing sleep data from wearables with neural networks in real-world settings,C,YES,"The paper introduces a neural network and NMF framework for missing wearable actigraphy time series imputation, focusing on clinical predictive accuracy rather than statistical theory.",SKIP
Kurita et al.,2024,Machine learning algorithm for predicting 30-day mortality in patients receiving rapid response system activation: A retrospective nationwide cohort study,C,NO,The study uses mode and KNN imputation as standard preprocessing before fitting machine learning mortality prediction models.,SKIP
Ajirak et al.,2023,Learning from Heterogeneous Data with Deep Gaussian Processes,C,NO,The paper develops a Bayesian variational framework for Deep Gaussian Processes on heterogeneous tabular datasets without addressing Rubin's missing data inference framework.,SKIP
Aguayo et al.,2023,Machine learning for predicting neurodegenerative diseases in the general older population: a cohort study,C,YES,The paper applies standard multiple imputation as a routine data preparation step before training tabular deep learning models on longitudinal cohort data.,SKIP
Imran et al.,2022,Intelligent Material Data Preparation Mechanism Based on Ensemble Learning for Al-Based Ceramic Material Analysis,C,NO,The paper evaluates deep neural networks for material science data preprocessing without addressing Rubin's statistical framework or theoretical validity.,SKIP
Kim et al.,2022,Machine Learning and Multiple Imputation Approach to Predict Chlorophyll-a Concentration in the Coastal Zone of Korea,C,NO,The study employs standard MICE algorithms as a data cleaning step prior to machine learning regression without discussing statistical validity theory.,SKIP
Yue et al.,2022,Machine learning for the prediction of acute kidney injury in patients with sepsis,C,NO,Multiple imputation is used solely as a standard preprocessing routine for clinical ICU data prior to ML model construction.,SKIP
O'Shea et al.,2022,Intubation and mortality prediction in hospitalized COVID-19 patients using a combination of convolutional neural network-based scoring of chest radiographs and clinical data,C,NO,Standard multiple imputation is applied to missing clinical variables prior to penalized logistic regression modeling.,SKIP
Dagtekin et al.,2022,Imputation of Partially Observed Water Quality Data Using Self-Attention LSTM,C,YES,"The paper proposes a self-attention LSTM for water quality time series imputation, evaluating performance strictly using predictive error metrics.",SKIP
Chiu et al.,2021,Imputation of Rainfall Data Using the Sine Cosine Function Fitting Neural Network,C,YES,"The study introduces a neural network model to impute missing hydrological time series data, evaluating performance on predictive accuracy metrics rather than statistical theory.",SKIP
Leke et al.,2019,Introduction to Missing Data Estimation,C,NO,The chapter provides a general introductory overview of classic and neural network missing data estimation techniques without analyzing formal validity bridges.,SKIP
Nancy et al.,2017,Imputing missing values in unevenly spaced clinical time series data to build an effective temporal classification framework,C,YES,The paper proposes a tolerance rough set and spatial interpolation technique for unevenly spaced clinical time series data.,SKIP
Jordanov et al.,2016,Intelligent Radar Signal Recognition and Classification,C,NO,The study applies standard multiple imputation as a preprocessing step to retain missing radar pulse samples before training neural network classifiers.,SKIP
Jordanov et al.,2015,Intelligent radar signal recognition and classification,C,NO,Multiple imputation is applied as a standard data preparation step to handle missing values prior to neural network radar signal classification.,SKIP
Yan et al.,2024,Incomplete data classification via positive approximation based rough subspaces ensemble,D,NO,The paper introduces a rough-set ensemble algorithm for feature selection and does not address the theoretical statistical framework of deep learning imputation.,SKIP
Park et al.,2023,Incorporating experts' judgment into machine learning models,D,NO,The paper proposes a method to blend expert judgment into machine learning predictions using GAN representation scores and does not address missing data imputation theory.,SKIP
Wang et al.,2024,Missing Data Imputation with Uncertainty-Driven Network,A,NO,Formally models uncertainty by deriving the posterior distribution via Neural Network Gaussian Process and reformulating the architecture as an Expectation-Maximization algorithm.,REVIEW
Bu et al.,2023,MISNN: Multiple Imputation via Semi-parametric Neural Networks,A,NO,Mathematically formulates multiple imputation using semi-parametric neural networks and establishes statistical consistency for proper downstream inference under missingness.,REVIEW
Ni & Leonard,2005,Markov chain Monte Carlo multiple imputation using Bayesian networks for incomplete intelligent transportation systems data,A,YES,Formally constructs a Markov chain Monte Carlo sampling framework using Bayesian networks to sample from learned probability distributions for valid multiple imputation inference.,REVIEW
Samad et al.,2022,Missing value estimation using clustering and deep learning within multiple imputation framework,B,NO,Substantively explores replacing linear regressors with deep neural networks inside Rubin's MICE framework and analyzes its statistical validity across missingness mechanisms.,REVIEW
Xue et al.,2019,Mixture-based Multiple Imputation Model for Clinical Data with a Temporal Dimension,B,YES,Substantively formulates a probabilistic multiple imputation framework using Gaussian process mixtures to account for predictive uncertainty in temporal clinical data.,REVIEW
Costa et al.,2018,Missing Data Imputation via Denoising Autoencoders: The Untold Story,B,NO,"Substantively investigates the statistical validity and performance of deep denoising autoencoders relative to MICE across Rubin's three missingness mechanisms (MCAR, MAR, MNAR).",REVIEW
Beaulieu-Jones & Moore,2017,Missing data imputation in the electronic health record using deeply learned autoencoders,B,YES,"Substantively evaluates deep autoencoders against traditional multiple imputation under MCAR and MNAR mechanisms, examining statistical bias and downstream inferential validity without a formal proof.",REVIEW
Fernandes et al.,2008,Missing data imputation in longitudinal cohort studies - application of PLANN-ARD in breast cancer survival,B,YES,Substantively discusses model averaging over imputed distributions and Bayesian neural networks for valid statistical inference in longitudinal survival data.,REVIEW
Zhao et al.,2026,Missing data generation method for rotating machinery by multiple imputation and gated generative adversarial network,C,YES,Integrates multiple imputation with a gated generative adversarial network as an empirical pipeline for rotating machinery sensors without theoretical analysis.,SKIP
Bekhit et al.,2025,MoCap-Impute: A Comprehensive Benchmark and Comparative Analysis of Imputation Methods for IMU-Based Motion Capture Data,C,YES,"Evaluates deep learning and statistical imputation methods on motion capture time series, mentioning missingness mechanisms as benchmark parameters.",SKIP
Kumar & Imambi,2025,MIMIC-EYE: A Secure and Explainable Multi-Modal Deep Learning Framework for Clinical Decision Support,C,YES,"Uses MICE, Deep Kalman Filters, and autoencoders in a multi-modal preprocessing pipeline for clinical decision support without analyzing imputation theory.",SKIP
Ren et al.,2024,Moving Beyond Medical Statistics: A Systematic Review on Missing Data Handling in Electronic Health Records,C,YES,Presents a systematic literature review summarizing EHR missing data methods where Rubin's mechanisms and MICE serve as context rather than theoretical focus.,SKIP
Fan et al.,2023,"Missing data imputation, prediction, and feature selection in diagnosis of vaginal prolapse",C,NO,Empirically compares GAIN and DAE against statistical imputation methods for clinical diagnosis without addressing statistical inference theory.,SKIP
Psychogyios et al.,2023,Missing Value Imputation Methods for Electronic Health Records,C,YES,"Proposes denoising autoencoder and GAN variations for electronic health records, citing traditional statistical imputation techniques purely as baseline benchmarks.",SKIP
Venugopal & Tanna,2023,Missing Value Imputation Techniques Used in Deep Learning Algorithms: A Review,C,NO,"Reviews literature on missing value imputation in machine learning and deep learning, referencing Rubin's mechanisms as general background.",SKIP
Asraf et al.,2022,Missing data imputation of MAGDAS-9′s ground electromagnetism with supervised machine learning and conventional statistical analysis models,C,YES,Benchmarks supervised machine learning models against basic statistical imputation methods on geomagnetic time series data.,SKIP
Marco et al.,2022,Missing Data Imputation Via Stacked Denoising Autoencoder Combined with Dropout Regularization Based Small Dataset in Software Effort Estimation,C,NO,"Evaluates stacked denoising autoencoders for software effort estimation, including MICE as an empirical comparison algorithm.",SKIP
Okafor & Delaney,2021,Missing Data Imputation on IoT Sensor Networks: Implications for on-Site Sensor Calibration,C,YES,Empirically compares variational autoencoders against MICE for IoT sensor calibration without analyzing statistical validity.,SKIP
Friedjungová et al.,2020,Missing Features Reconstruction Using a Wasserstein Generative Adversarial Imputation Network,C,NO,"Introduces Wasserstein GAIN for feature reconstruction, including MICE only as an empirical benchmark baseline.",SKIP
Vrbaski et al.,2020,Missing Data Imputation in Cardiometabolic Risk Assessment: A Solution Based on Artificial Neural Networks,C,NO,"Compares artificial neural networks against simple imputation methods for cardiometabolic risk, mentioning multiple imputation in passing as background.",SKIP
Grisales et al.,2019,Missing data imputation in series of measurements of atmospheric pollutants input for environmental health monitoring,C,YES,Compares multiple imputation and neural networks on air quality pollutant time series datasets empirically.,SKIP
Yu et al.,2019,Missing Data Processing Based on Deep Neural Network Enhanced by K-Means,C,NO,"Combines K-means clustering with deep neural networks for tabular data missingness, mentioning statistical baseline concepts in passing.",SKIP
Jerez et al.,2010,Missing data imputation using statistical and machine learning methods in a real breast cancer problem,C,NO,Compares machine learning and statistical imputation methods for breast cancer outcome prediction without theoretical analysis of missing data theory.,SKIP
López-Molina et al.,2008,Missing values imputation techniques for Neural Networks patterns,C,NO,Applies standard statistical multiple imputation techniques as a data preparation step for neural network training.,SKIP
Junninen et al.,2004,Methods for imputation of missing values in air quality data sets,C,YES,"Evaluates neural networks and hybrid imputation methods for air quality time series, mentioning multiple imputation only as a baseline comparison.",SKIP
Carracciuolo et al.,2026,Mathematical Approaches for the Characterization and Analysis of Molecular Markers in the Study of the Progression and Severity of Amyotrophic Lateral Sclerosis,D,NO,Focuses on mathematical modeling of molecular biomarkers in ALS progression and does not address deep learning imputation theory.,SKIP
Shi et al.,2024,Machine learning-based model for predicting outcomes in cerebral hemorrhage patients with leukemia,D,NO,"Develops a clinical prediction model for cerebral hemorrhage using random forests, applying standard MICE only as routine data preprocessing.",SKIP
Anderson et al.,2021,Modeling and prediction of pressure injury in hospitalized patients using artificial intelligence,D,YES,"Focuses on machine learning prediction of pressure injuries in hospitalized patients, referencing multiple imputation only in indexing tags.",SKIP
Danaci et al.,2021,Machine learning pipeline for quantum state estimation with incomplete measurements,D,NO,Applies machine learning models to quantum state estimation from incomplete projective measurements without addressing missing data inference theory.,SKIP
Namkung,2020,Machine learning methods for microbiome studies,D,NO,Provides an introductory overview of machine learning methods for microbiome host phenotype association studies without addressing missing data imputation.,SKIP
Dai et al.,2022,Multiple Imputation with Neural Network Gaussian Process for High-dimensional Incomplete Data,A,NO,"Provides a formal Bayesian mathematical framework showing that Neural Network Gaussian Process (NNGP) deep architectures sample directly from the posterior predictive distribution P(X_mis|X_obs) under MCAR, MAR, and MNAR mechanisms.",REVIEW
Dai et al.,2021,Multiple Imputation via Generative Adversarial Network for High-dimensional Blockwise Missing Value Problems,A,NO,Provides a formal mathematical framework and theoretical support establishing that conditional GAN architectures produce proper multiple imputations under MAR mechanisms.,REVIEW
Sepin et al.,2026,Multiple Imputation of a Continuous Outcome with Fully Observed Predictors Using TabPFN,B,NO,"Substantively evaluates statistical validity (bias, standard error, and coverage under Rubin's rules) for TabPFN foundation model imputation without formal mathematical proof.",REVIEW
Amer et al.,2006,Neural Network Imputation In Complex Survey Design,B,NO,"Substantively investigates statistical validity, variance estimation, and imputation uncertainty for neural network imputation under complex survey sampling design.",REVIEW
Ivanov et al.,2026,Multiparametric model of noninvasive diagnosis of neuroblastoma in children based on a novel liquid biopsy marker C18 GD2 and serum tumor markers,C,NO,Applies standard statistical MICE and Rubin's pooling rules as clinical data preprocessing before fitting logistic regression and neural network classifiers.,SKIP
Luo et al.,2026,MS-CTAB-GAN+: A SHAP-Constrained Conditional Tabular GAN for Heart Disease Data Augmentation under Small-Sample Conditions,C,NO,Uses miceforest as a preprocessing data cleaning step before CTAB-GAN+ tabular data augmentation.,SKIP
Vladov et al.,2026,Neural Network Method for Determining Sanctions' Impact on the Administrative Offence Level,C,YES,Mentions multiple imputation as a data preprocessing step in an applied legal economics study using MLP-LSTM.,SKIP
Bocioaga et al.,2025,Neural Network-Based Composite Risk Scoring for Stratification of Fecal Immunochemical Test-Positive Patients in Colorectal Cancer Screening: Findings from South-West Oltenia,C,NO,Uses standard multiple imputation (MICE) as a preprocessing step prior to autoencoder dimensionality reduction and clustering.,SKIP
Hentati Isacsson et al.,2025,Natural language processing models for predicting treatment outcomes in internet-delivered cognitive behavioral therapy,C,NO,Applies multiple imputation as a missing data preprocessing step before training NLP models for therapy outcome prediction.,SKIP
Nor et al.,2025,Navigating the missing data maze: exploring multiple imputation techniques for environmental performance index data,C,NO,"Evaluates classical non-deep learning imputation methods (MICEForest, MissForest, kNN) on environmental index data, mentioning deep learning only in passing.",SKIP
Unknown et al.,2025,"Novel Techniques in Microscopy, NTM 2025 in Proceedings Optica Biophotonics Congress 2025, Part of Optica Biophotonics Congress: Optics in the Life Sciences",C,NO,Mentions multiple imputation in optical neuroimaging as one background topic among 77 optical biophotonics conference abstracts.,SKIP
Zhao et al.,2025,Numerical Control Milling Energy Consumption Prediction Method Considering Incomplete Data,C,YES,Uses denoising autoencoders with expectation maximization for point imputation prior to FEDformer time series energy forecasting.,SKIP
Singh et al.,2024,Neural Network Algorithm in Financial Services: The Effect of Fraud Risk Management and Fraud Prevention,C,NO,Uses multiple imputation as a preprocessing step prior to CNN-BiGRU modeling for microfinance fraud prevention.,SKIP
Fathima et al.,2023,Multiple Imputation by Chained Equations-K-Nearest Neighbors and Deep Neural Network Architecture for Kidney Disease Prediction,C,NO,Combines MICE and KNN as a preprocessing pipeline before passing complete data to a deep neural network classifier.,SKIP
Hu et al.,2023,Multiple Receding Imputation of Time Series Based on Similar Conditions Screening,C,YES,Uses receding Gaussian process regression and LSTM for time series point imputation under the heuristic term multiple receding imputation without statistical inference theory.,SKIP
Li et al.,2023,Multistate time series imputation using generative adversarial network with applications to traffic data,C,YES,"Uses a generative adversarial network (TGAIN) for time series point imputation, referencing multiple imputation concepts without analyzing Rubin's inference theory.",SKIP
Nakahara et al.,2023,Neural Network Approach to Investigating the Importance of Test Items for Predicting Physical Activity in Chronic Obstructive Pulmonary Disease,C,NO,Applies MICE as a preprocessing method for missing clinical values before feeding data into neural network prediction models.,SKIP
Zeng et al.,2023,Neural networks based on attention architecture are robust to data missingness for early predicting hospital mortality in intensive care unit patients,C,NO,"Evaluates attention-based neural network prediction architectures for ICU mortality, using multiple imputation as an empirical baseline.",SKIP
Macias et al.,2022,Multiple imputation using the average code from autoencoders,C,NO,Computes an average autoencoder latent code to generate deterministic point reconstructions rather than valid statistical multiple imputations.,SKIP
Misiuk et al.,2022,Multiple imputation of multibeam angular response data for high resolution full coverage seabed mapping,C,NO,Applies statistical MICE to impute sonar seabed data and trains downstream neural networks on complete datasets without connecting DL architectures to imputation theory.,SKIP
Samal et al.,2022,Multi-output Spatio-temporal air pollution forecasting using neural network approach,C,YES,Mentions multiple imputation as a data preprocessing step for spatio-temporal air pollution forecasting using an LSTM autoencoder.,SKIP
Zhao et al.,2022,Multiple imputation method of missing credit risk assessment data based on generative adversarial networks,C,NO,Proposes MGAIN to generate attribute subsets and averages generated samples into a single point imputation without addressing Rubin's statistical framework.,SKIP
Vi et al.,2021,Multiple Imputation by Generative Adversarial Networks for Classification with Incomplete Data,C,NO,Uses GANs to generate multiple complete training sets for ensemble classification without analyzing Rubin's statistical inference framework.,SKIP
Safi et al.,2020,Multivariate Time Series as Images: Imputation Using Convolutional Denoising Autoencoder,C,YES,"Uses Convolutional Denoising Autoencoders to impute time series converted to images, using MICE only as a baseline benchmark.",SKIP
Miok et al.,2019,Multiple Imputation for Biomedical Data using Monte Carlo Dropout Autoencoders,C,NO,"Applies Monte Carlo dropout within variational autoencoders to generate candidate imputations, evaluating predictive accuracy rather than statistical inference theory.",SKIP
Arroyo et al.,2018,Neural Models for Imputation of Missing Ozone Data in Air-Quality Datasets,C,NO,Applies artificial neural networks to impute missing ozone data as point estimates without statistical inference theory.,SKIP
Song et al.,2018,"Multiple machine learnings revealed similar predictive accuracy for prognosis of PNETs from the surveillance, epidemiology, and end result database",C,NO,Uses standard imputation for missing clinical database records before comparing multiple machine learning models.,SKIP
Cao et al.,2026,Neural network for censored expectile regression based on data augmentation,D,NO,Addresses censored expectile regression for survival data rather than missing data imputation or Rubin's framework.,SKIP
Ben Aissia et al.,2017,Multivariate missing data in hydrology - Review and applications,D,NO,Reviews classical multivariate and copula-based imputation methods in hydrology without addressing deep learning techniques.,SKIP
Roberts et al.,2001,On inference for partially observed nonlinear diffusion models using the Metropolis-Hastings algorithm,D,YES,Focuses on classical MCMC sampling for continuous-time stochastic diffusion models without deep learning architectures.,SKIP
Sudak & Tschiatschek,2023,Posterior Consistency for Missing Data in Variational Autoencoders,A,NO,Provides a formal mathematical definition and objective function for posterior consistency in Variational Autoencoders under missing data conditions.,REVIEW
Collier et al.,2025,Optimizing Imputation for Educational Data: Exploring Training Partition and Missing Data Ratios,B,NO,Substantively evaluates the statistical validity of neural network imputation for downstream causal inference (treatment effects and covariate balance) without providing formal mathematical proofs.,REVIEW
Pereira et al.,2022,Partial Multiple Imputation With Variational Autoencoders: Tackling Not at Randomness in Healthcare Data,B,NO,"Substantively discusses statistical validity issues of VAE imputation (single-sample bias, multiple imputation, MNAR mechanisms) but relies on empirical benchmark validation rather than formal theoretical proofs.",REVIEW
Bori et al.,2025,Predicting time to live birth with deep learning embryo ranking: a novel multiple imputation approach,C,NO,"Applies standard statistical multiple imputation (MICE) to handle missing unobserved outcomes for model evaluation, but does not investigate theoretical connections between DL imputation and Rubin's framework.",SKIP
Essel et al.,2024,On the search for efficient face recognition algorithm subject to multiple environmental constraints,C,NO,Leverages MICE as an empirical de-occlusion technique in face recognition without discussing the theoretical link between deep learning imputation and statistical validity.,SKIP
Low et al.,2020,Predicting Commercial Vehicle Parking Duration using Generative Adversarial Multiple Imputation Networks,C,NO,Applies a generative adversarial multiple imputation network as an empirical preprocessing step for parking regression without theoretical analysis of statistical validity.,SKIP
Zhou et al.,2027,Predicting fatal helicopter accidents with missing data: Do data imputation methods affect classification performance and feature explanation?,D,NO,Evaluates empirical classification performance and feature explanations of tabular imputation methods on accident data without discussing statistical inference theory.,SKIP
Mohamad et al.,2026,PM2.5 Forecasting in Almaty: A Benchmarking of Advanced Deep Learning and Hybrid Models,D,YES,Time series forecasting study for air pollution using MICE to handle missing data without addressing deep learning missing data inference theory.,SKIP
Nuevas & Natividad,2026,"Performance Enhancement of GRU-Based Corn Yield Forecasting through MICE Imputation, PCA-Based Feature, and ELU Activation",D,YES,Agricultural time series forecasting study combining MICE preprocessing with GRUs without addressing deep learning missing data inference theory.,SKIP
Fathollahi et al.,2026,Performance of machine learning algorithms in diffusion tensor imaging of movement disorders: an exploratory meta-analysis,D,NO,Meta-analysis on neuroimaging ML models for movement disorders without addressing missing data imputation or statistical theory.,SKIP
Nkenguye et al.,2026,"Predicting Outcomes of Traumatic Brain Injury Using Machine Learning Models Among Patients at Kilimanjaro Christian Medical Centre, Tanzania: A Registry-Based Cohort Study",D,NO,Focuses on clinical outcome prediction in a TBI cohort using machine learning without addressing missing data inference theory.,SKIP
Sannathimmappa et al.,2026,Predicting cardiovascular and neurological complications after COVID-19 vaccination: Insights from a comprehensive review,D,NO,Literature review of post-vaccination clinical complications that does not address missing data imputation or inference theory.,SKIP
Chen et al.,2026,Prior-Knowledge-Guided Missing Data Imputation for Bridge Cracks: A Temperature-Driven SP-VMD-CNN-GRU Framework,D,YES,Proposes an engineering deep learning framework for bridge sensor time series imputation without connecting to statistical missing data inference theory.,SKIP
Weinreich et al.,2025,"Optimised machine learning for time-to-event prediction in healthcare applied to timing of gastrostomy in ALS: a multi-centre, retrospective model development and validation study",D,YES,"Focuses on clinical time-to-event survival modeling in ALS, using random forest imputation merely as a routine data preparation step.",SKIP
Alohali et al.,2025,Optimized deep learning approach for lung cancer detection using flying fox optimization and bidirectional generative adversarial networks,D,NO,Medical CAD classification pipeline for lung cancer using MICE as baseline preprocessing without exploring DL imputation statistical validity.,SKIP
Elbaz et al.,2025,Osedax-GAN: A novel metaheuristic approach for missing pixel imputation imagery for enhanced detection accuracy of freshwater fish diseases in aquaculture,D,NO,Introduces a GAN metaheuristic framework for image pixel restoration in computer vision without connecting to statistical missing data inference theory.,SKIP
Zhuang et al.,2025,Prediction of Short-Term Solar Irradiance Using the ProbSparse Attention Mechanism for a Sustainable Energy Development Strategy,D,YES,Time series solar forecasting study using MICE for data cleaning without addressing deep learning missing data inference theory.,SKIP
Zhang et al.,2025,Prediction of acute and chronic kidney diseases during the post-covid-19 pandemic with machine learning models: utilizing national electronic health records in the US,D,NO,Applies machine learning to predict kidney disease risk from EHR data without examining deep learning imputation or statistical missing data theory.,SKIP
Penchev & Marchev,2024,On the Application of Neural Networks in Credit Scoring: A Case-Study Analysis,D,NO,Applied case study of neural networks for credit scoring using multiple imputation as a standard data preparation step.,SKIP
Lim et al.,2024,Orthography-phonology consistency in English: Theory- and data-driven measures and their impact on auditory vs. visual word recognition,D,NO,Psycholinguistic investigation of word recognition and orthographic consistency that does not pertain to missing data imputation or inference theory.,SKIP
Han & Kang,2023,Optimization of missing value imputation for neural networks,D,NO,Proposes an ensemble imputation optimization scheme to boost neural network predictive accuracy without addressing statistical inference theory or Rubin's framework.,SKIP
Elseddik et al.,2023,Predicting CTS Diagnosis and Prognosis Based on Machine Learning Techniques,D,NO,Clinical machine learning diagnostic and prognostic study for carpal tunnel syndrome that does not cover deep learning imputation theory.,SKIP
Li et al.,2023,Prediction of rockburst intensity grade based on convolutional neural network,D,NO,Proposes a MICE-CNN model for engineering rockburst prediction using MICE for feature interpolation without examining statistical inference theory.,SKIP
Fathima Begum & Narayan,2023,Preprocessing Methods to Improve Performance of Imbalanced Data in Healthcare,D,NO,Evaluates data preprocessing and SMOTE sampling for imbalanced healthcare classification without examining DL imputation statistical theory.,SKIP
Manyol et al.,2022,Preprocessing Approach for Power Transformer Maintenance Data Mining Based on k -Nearest Neighbor Completion and Principal Component Analysis,D,NO,Engineering preprocessing approach using KNN imputation and PCA for transformer maintenance without addressing deep learning statistical inference theory.,SKIP
Guo et al.,2021,Predicting mortality among patients with liver cirrhosis in electronic health records with machine learning,D,NO,"Clinical EHR study predicting cirrhosis mortality using deep neural networks, employing multiple imputation solely as a routine baseline preprocessing step.",SKIP
Kim et al.,2021,Predicting wind flow around buildings using deep learning,D,NO,Imputes missing spatial wind velocity measurements using GAIN and MICE for building aerodynamics without examining statistical missing data theory.,SKIP
Belaghi et al.,2021,Prediction of preterm birth in nulliparous women using logistic regression and machine learning,D,NO,Epidemiological cohort study predicting preterm birth using machine learning that does not address deep learning imputation theory.,SKIP
Lima & Delen,2020,Predicting and explaining corruption across countries: A machine learning approach,D,NO,Empirical machine learning study predicting corruption perception indices that does not cover missing data imputation theory or DL statistical validity.,SKIP
Azadeh et al.,2013,Optimum estimation of missing values in randomized complete block design by genetic algorithm,D,NO,Focuses on genetic algorithm and ANN point estimation for experimental block designs without connecting to deep learning statistical inference theory.,SKIP
Liu et al.,2023,"Quality control, data cleaning, imputation",B,NO,"This chapter substantively reviews the statistical validity of machine learning and neural network imputation methods, discussing Rubin's rules, proper imputation, and missingness mechanisms (MAR/MNAR) without presenting new mathematical proofs.",REVIEW
Rajora et al.,2026,Refining Open-Source Asset Management Tools: AI-Driven Innovations for Enhanced Reliability and Resilience of Power Systems,C,NO,The paper applies MICE and GAN-based imputation as a practical data preprocessing step for power system asset management without examining the statistical connection between deep learning and Rubin's inference framework.,SKIP
Wang et al.,2026,Research on Multi-dimensional Feature Fusion Model for Osteoporosis Risk Assessment Based on Deep Learning,C,NO,"The study uses MICE as a standard preprocessing routine prior to multimodal deep learning for osteoporosis risk assessment, making no theoretical contribution to deep learning statistical validity.",SKIP
Prajesh et al.,2026,Robust and cyber-resilient attention-enhanced deep learning framework for electricity price forecasting under false data injection attacks,C,YES,"Missing value treatment is included as an initial preprocessing step for deep learning electricity price forecasting under cyber attacks, with no theoretical analysis of imputation inference.",SKIP
Xiong et al.,2025,Probabilistic indirect models for undrained shear strength: addressing significant data missing and variability with advanced imputation and machine learning techniques,C,NO,The paper empirically compares standard imputation techniques like MICE and MissForest as data cleaning steps for geotechnical machine learning models without theoretically bridging deep learning to Rubin's framework.,SKIP
Feng et al.,2025,Probabilistic time-dependent corrosion wastage model for offshore platforms using stepwise Bayesian inference,C,YES,The paper applies a reverse diffusion model for denoising and HMC Bayesian inference for offshore structural corrosion parameters without connecting deep learning imputation to Rubin's statistical missing data framework.,SKIP
Yang et al.,2025,Product Life Cycle Assessment Method Based on Incomplete Information Imputation,C,NO,"The paper uses neural networks and multiple imputation as practical data completion tools for life cycle assessment of mechanical components, without theoretical missing data analysis.",SKIP
Gao et al.,2025,Reliable imputation of incomplete crash data for predicting driver injury severity,C,NO,"The paper proposes a Transformer-GNN architecture for crash data imputation and cites MICE as background, focusing on downstream predictive accuracy rather than formal statistical validity.",SKIP
Yu et al.,2025,Research on Missing Data Estimation Method for UPFC Submodules Based on Bayesian Multiple Imputation and Support Vector Machines,C,YES,"The paper combines Bayesian multiple imputation with SVM for power system monitoring data, mentioning deep learning models only as empirical baselines rather than establishing a theoretical statistical bridge.",SKIP
Zhou et al.,2025,Risk factors for postoperative respiratory failure in patients undergoing cardiovascular surgery and construction of a prediction model,C,NO,The paper uses multiple imputation as a standard data cleaning technique prior to feature selection and machine learning modeling for surgical risk prediction.,SKIP
Zhou et al.,2024,Probabilistic neural network based visual data mining for the healthcare sector,C,NO,"The paper presents an analytics suite for healthcare data mining that mentions multiple imputation only as background, offering no theoretical bridge between deep learning and Rubin's rules.",SKIP
Zhao et al.,2024,Production prediction methods for fractured shale oil wells,C,YES,"Multiple imputation is used for outlier detection and missing data expansion prior to training a neural network for oil production prediction, without theoretical statistical analysis.",SKIP
Zhou et al.,2024,Rear-end Crash Data Imputation Methods Using Generative Adversarial Networks,C,NO,The paper applies GAIN to traffic crash data imputation and compares it empirically against MICE and MissForest based on downstream predictive accuracy without examining statistical validity theory.,SKIP
Suh et al.,2024,Repurchase Prediction Using Survival Ensembles in CRM Systems for Home Appliance Business,C,YES,"Multiple imputation is employed solely as a data preprocessing step prior to survival analysis deep learning models, with no discussion of formal statistical validity.",SKIP
Godet et al.,2024,Risk factors for emergency surgery for diverticulitis: A retrospective multicentric French study at 41 hospitals,C,NO,The paper applies MICE as a standard statistical preprocessing method for missing clinical covariates in a retrospective medical cohort study.,SKIP
Yang et al.,2023,Propensity score analysis with missing data using a multi-task neural network,C,NO,"The paper introduces a multi-task neural network for propensity score estimation and missing value filling under MCAR, MAR, and MNAR scenarios, focusing on empirical causal effect estimation rather than theoretical statistical validity.",SKIP
Basakin et al.,2023,Providing a comprehensive understanding of missing data imputation processes in evapotranspiration-related research: a systematic literature review,C,YES,"The paper is a systematic literature review on evapotranspiration missing data imputation that surveys classical and deep learning methods, mentioning statistical missingness assumptions only as background.",SKIP
Zhao et al.,2023,Revisiting Structured Variational Autoencoders,C,YES,"The paper revisits structured variational autoencoders for sequential data and approximate posterior inference with missing data, focusing on implementation efficiency rather than Rubin's statistical framework.",SKIP
Lu et al.,2023,Robust and Scalable Gaussian Process Regression and Its Applications,C,NO,"The paper develops a scalable Gaussian process regression model via variational learning for handling outliers and missing values, focusing on machine learning optimization rather than Rubin's missing data framework.",SKIP
Du et al.,2023,SAITS: Self-attention-based imputation for time series,C,YES,"The paper proposes a self-attention deep learning model for time series imputation, mentioning missingness mechanisms only as background without establishing a theoretical link to Rubin's framework.",SKIP
ACML et al.,2022,"Proceedings of the 14th Asian Conference on Machine Learning, ACML 2022",C,NO,"This conference proceedings volume lists papers on various machine learning topics, including a study on neural network Gaussian processes for imputation, but as a volume does not constitute a dedicated formal paper on Rubin's framework.",SKIP
Espinosa et al.,2021,Rainfall trends over a North Atlantic small island in the period 1937/1938-2016/2017 and an early climate teleconnection,C,YES,The study uses MICE as a standard preprocessing method to fill gaps in daily rainfall time series before conducting climate trend analysis.,SKIP
Xu et al.,2021,Research on Missing Data Imputation Based on Conditional Variational Autoencoder,C,NO,"The paper presents a Conditional Variational Autoencoder model for generating multiple imputations through latent space sampling, evaluating it purely empirically without formal statistical proofs.",SKIP
Chen et al.,2019,Research on Data Interpolation Model with Missing Data for Intelligent Greenhouse Control,C,YES,"The paper proposes a fuzzy neural network model for greenhouse temperature interpolation, mentioning posterior distribution estimation only as background.",SKIP
Gu et al.,2017,Research on Inventory Forecasting Based on BP Neural network,C,YES,Multiple imputation is used as a preprocessing step to generate complete samples for BP neural network inventory forecasting without theoretical statistical discussion.,SKIP
Nishanth et al.,2016,Probabilistic neural network based categorical data imputation,C,NO,"The paper introduces a Probabilistic Neural Network model for categorical data imputation and compares it empirically against statistical baselines, without addressing Rubin's formal validity framework.",SKIP
Gheyas et al.,2009,Reconstruction of Cross-Sectional Missing Data Using Neural Networks,C,NO,The paper proposes a Generalized Regression Neural Network imputation method and evaluates it empirically against traditional MI algorithms without establishing a formal statistical proof or validity analysis.,SKIP
Zhou et al.,2026,Reinforcement learning and neural network-driven student psychological crisis intervention strategy,D,NO,"The study focuses on neural network and reinforcement learning models for student psychological crisis intervention, addressing missing data only through routine validation.",SKIP
Simon et al.,2025,"Secondary Prevention of AFAIS: Deploying Traditional Regression, Machine Learning, and Deep Learning Models to Validate and Update CHA2DS2-VASc for 90-Day Recurrence",D,NO,The paper focuses on clinical risk prediction rules using deep learning and machine learning without addressing missing data theory or deep learning imputation framework bridges.,SKIP
IEEE et al.,2023,"Proceedings - 2023 IEEE 6th International Conference on Industrial Cyber-Physical Systems, ICPS 2023",D,NO,This entry is an entire conference proceedings volume containing diverse industrial papers without a main focus on deep learning imputation inference theory.,SKIP
Saha et al.,2026,Spectrally normalised Wasserstein generative adversarial imputation framework for multi-modal SHM data recovery in digital-twin systems,B,YES,"Substantively incorporates Rubin's rules and Monte Carlo dropout into a GAN architecture to quantify predictive uncertainty in time-series data, focusing on empirical validation rather than formal proofs.",REVIEW
Lall & Robinson,2022,The MIDAS Touch: Accurate and Scalable Missing-Data Imputation with Deep Learning,B,NO,"Substantively discusses proper imputation and statistical validity of deep learning within Rubin's multiple imputation framework, relying on empirical social science evaluations rather than formal mathematical proofs.",REVIEW
Villines et al.,2026,The ASIA Data Science Challenge: Predicting Functional and Neurological Recovery from Acute ISNCSCI Scores,C,NO,Mentions multiple imputation as a data preprocessing technique in a Kaggle clinical recovery challenge without analyzing theoretical statistical validity.,SKIP
Han et al.,2025,SMART: Structured Missingness Analysis and Reconstruction Technique for credit scoring,C,NO,"Combines rSVD and GAIN for credit scoring data preprocessing, mentioning missing data literature as background without evaluating statistical inference validity.",SKIP
Kwak et al.,2025,Statistical Approach for the Imputation of Long-Term Seawater Data Around the Korean Peninsula from 1966 to 2021,C,YES,Applies statistical multiple imputation and seasonal-trend decomposition to oceanographic time series data without exploring deep learning statistical validity theory.,SKIP
Wu et al.,2025,Study on Regression Prediction of Blood Glucose Levels Based on RFA-CNN Model,C,NO,Uses multiple imputation during data preprocessing before applying a hybrid Random Forest and CNN model for blood glucose prediction.,SKIP
Tarle et al.,2025,The Missing Data Imputation Method for Medical Data Classification Using Most Probable Value,C,NO,Proposes a domain-based imputation heuristic to augment training samples for fuzzy neural networks without analyzing statistical inference validity.,SKIP
Zhuang et al.,2024,Short-Term Irradiance Prediction Based on Transformer with Inverted Functional Area Structure,C,YES,Mentions multiple imputation as part of a feature preprocessing pipeline prior to transformer-based solar irradiance forecasting.,SKIP
Pereira et al.,2024,Siamese Autoencoder Architecture for the Imputation of Data Missing Not at Random,C,NO,"Proposes a siamese autoencoder architecture for missing not at random (MNAR) tabular healthcare data, focusing on empirical performance rather than formal statistical proofs.",SKIP
Kitova et al.,2024,Stroke Dataset Modeling: Comparative Study of Machine Learning Classification Methods,C,NO,Reviews stroke prediction studies where multiple imputation is used as a data preprocessing technique prior to classification.,SKIP
Hua et al.,2024,The impact of data imputation on air quality prediction problem,C,YES,Provides an empirical benchmark comparing deep learning and statistical imputation models on air quality time series without examining theoretical statistical validity.,SKIP
Bashir et al.,2024,Time Series Reconstruction With Feature-Driven Imputation: A Comparison of Base Learning Algorithms,C,YES,"Evaluates machine learning base learners under MCAR, MAR, and MNAR missingness patterns on soil gas time series without theoretical inference analysis.",SKIP
Fan et al.,2023,Spatio-Temporal Denoising Graph Autoencoders with Data Augmentation for Photovoltaic Data Imputation,C,YES,Proposes a spatiotemporal denoising graph autoencoder for photovoltaic power time series imputation without addressing statistical validity theory.,SKIP
Chang et al.,2023,Time-aware neural ordinary differential equations for incomplete time series modeling,C,YES,"Introduces a continuous neural ODE framework for incomplete time series modeling, mentioning posterior distribution learning without connecting to Rubin's inference framework.",SKIP
Lee et al.,2022,Semi-GAN: An Improved GAN-Based Missing Data Imputation Method for the Semiconductor Industry,C,YES,Presents an empirical GAN imputation framework for semiconductor sensor data without analyzing theoretical statistical validity.,SKIP
Tu et al.,2022,Supervising the Decoder of Variational Autoencoders to Improve Scientific Utility,C,YES,Addresses encoder representation bias in supervised VAEs and applies it to missing data in electrophysiological recordings without connecting to Rubin's framework.,SKIP
van Amsterdam et al.,2022,The Association between Muscle Quantity and Overall Survival Depends on Muscle Radiodensity: A Cohort Study in Non-Small-Cell Lung Cancer Patients,C,NO,Uses deep learning for CT image segmentation and standard multiple imputation for clinical covariate missingness in a cohort survival study.,SKIP
Chakraborty et al.,2021,Sequential Data Imputation with Evolving Generative Adversarial Networks,C,YES,Develops a transfer learning GAN architecture for sequential dataset imputation without addressing statistical missing data theory.,SKIP
Mostafa et al.,2021,Statistical Machine Learning Approaches to Liver Disease Prediction,C,NO,Applies MICE for missing value preprocessing before training artificial neural networks and decision trees for liver disease prediction.,SKIP
Paul et al.,2021,Swarm Intelligence-Based Feature Selection and ANFIS Model Parameter Optimization for ASCV Risk Prediction and Classification,C,NO,Employs Gaussian copula multiple imputation as a preprocessing step prior to neuro-fuzzy clinical risk prediction.,SKIP
Jiang et al.,2021,The Application of Data Imputation and Deep Learning Network in the Papillary Thyroid Carcinoma Classification,C,NO,Combines multiple imputation for clinical features with deep transfer learning for ultrasound image classification without theoretical missing data analysis.,SKIP
Sano,2020,Synthetic Data by Principal Component Analysis,C,NO,Mentions multiple imputation in passing when contrasting PCA and neural network synthetic data generation for statistical disclosure control.,SKIP
Jordanov et al.,2016,Supervised Radar Signal Classification,C,YES,Applies statistical multiple imputation as a preprocessing step prior to radar signal classification without discussing deep learning statistical validity theory.,SKIP
Silva-Ramíreza et al.,2015,Single imputation with multilayer perceptron and multiple imputation combining multilayer perceptron and k-nearest neighbours for monotone patterns,C,NO,Proposes a heuristic combination of multilayer perceptrons and k-nearest neighbors for monotone missing data without evaluating statistical inference validity.,SKIP
Jordanov et al.,2014,Sets with Incomplete and Missing Data - NN Radar Signal Classification,C,YES,Uses standard multiple imputation software to preprocess incomplete radar signal data before neural network training.,SKIP
Rezende et al.,2014,Stochastic Backpropagation and Approximate Inference in Deep Generative Models,C,NO,"Introduces variational inference for deep generative models and demonstrates missing data imputation as approximate posterior sampling, but does not connect to Rubin's missing data framework.",SKIP
Xie & Ding,2013,Statistical Issues on Optimization for Software Metric Models with Missing Data,C,NO,Analyzes parameter selection in k-nearest neighbors multiple imputation for software engineering metrics without addressing deep learning imputation.,SKIP
Fernandes et al.,2009,Stratification Methodologies for Neural Networks Models of Survival,C,NO,Applies multiple imputation to clinical data prior to fitting a neural network survival model.,SKIP
Khoshgoftaar et al.,2007,The multiple imputation quantitative noise corrector,C,NO,Adapts statistical multiple imputation for noise detection in continuous data mining without bridging deep learning to missing data inference theory.,SKIP
Clark et al.,2003,Survival analysis part IV: Further concepts and methods in survival analysis,C,NO,Provides an educational tutorial on survival analysis that briefly mentions multiple imputation and neural networks as separate methodology topics.,SKIP
Lim et al.,2025,Unsupervised Imputation of Non-Ignorably Missing Data Using Importance-Weighted Autoencoders,A,NO,"Provides a formal mathematical treatment of Variational Autoencoders for missing data (NIMIWAE), proving how the architecture samples from the posterior predictive distribution P(X_mis | X_obs) under MAR and MNAR mechanisms for proper multiple imputation.",REVIEW
Zhao et al.,2026,Time-Series Missing Data Generation Based on Multiple Imputation and GAN Network,C,YES,"Proposes MIGGAN (Multiple Gated GAN) for time-series missing data generation in industrial machinery, using multiple imputation concepts as background motivation for empirical GAN data generation.",SKIP
Kline et al.,2025,Using item response theory as a methodology to impute categorical missing values,C,NO,"Proposes an Item Response Theory categorical imputation framework and benchmarks it against deep learning (DataWig) and MICE under MAR/MCAR, but references these missingness frameworks only as background benchmarking context.",SKIP
Theocharopoulos et al.,2025,Transforming Medical Practice: Harnessing the Power of Big Data and Machine Learning for Predictive Precision Medicine,C,YES,"Applies MICE imputation to missing electronic health record data prior to training deep learning ensemble models, referencing multiple imputation solely as a background preprocessing step.",SKIP
Lee et al.,2024,Weighted Average Ensemble-Based PV Forecasting in a Limited Environment with Missing Data of PV Power,C,YES,"Combines standard MICE, KNN, and GAIN imputation baselines in a weighted ensemble for PV forecasting, mentioning multiple imputation only as a background method.",SKIP
Okere et al.,2024,UBCS at IDPP: Predicting Patient Self-Assessment Score from Sensor Data using Machine Learning Algorithms,C,YES,"Uses autoencoders and multiple imputation techniques as preprocessing tools to predict ALS rating scores from sensor data, referencing multiple imputation solely as background data preparation.",SKIP
Samal et al.,2024,Utilizing Deep Learning techniques for a multi-objective pollution forecasting model to enhance smart city sustainability,C,YES,"Integrates spatial attribute multiple imputation with a MIMO Bidirectional LSTM for air pollution forecasting, utilizing multiple imputation strictly as an applied data preparation tool.",SKIP
Bouvarel et al.,2023,Updating mortality risk estimation in intensive care units from high-dimensional electronic health records with incomplete data,C,YES,"Evaluates ICU mortality risk predictions using MICE multiple imputation alongside complete-case analysis and neural networks, treating multiple imputation purely as background data cleaning.",SKIP
Yang et al.,2023,Ultra Data-Oriented Parallel Fractional Hot-Deck Imputation With Efficient Linearized Variance Estimation,C,NO,"Advances classical statistical fractional hot-deck imputation (UP-FHDI) with parallel variance estimation, evaluating its downstream impact on deep learning models without theoretical modeling of DL imputation architectures.",SKIP
Mulyadi et al.,2022,Uncertainty-Aware Variational-Recurrent Imputation Network for Clinical Time Series,C,YES,"Proposes a deep generative variational-recurrent imputation network that leverages missing value uncertainty as a fidelity score for clinical time series, focusing on empirical prediction accuracy rather than formal statistical proofs.",SKIP
Noor et al.,2022,Water Level Forecasting Using Spatiotemporal Attention-Based Long Short-Term Memory Network,C,YES,"Applies MICE to impute missing river gauge data before training spatiotemporal attention LSTM models, citing multiple imputation solely as a background preprocessing step.",SKIP
Kim et al.,2021,Wind-induced pressure prediction on tall buildings using generative adversarial imputation network,C,YES,"Evaluates GAIN for predicting missing wind pressure sensor data on tall buildings and benchmarks it against MICE, referencing multiple imputation solely as a baseline comparison model.",SKIP
Kirchmeyer et al.,2021,Unsupervised domain adaptation with non-stochastic missing data,C,NO,"Derives domain adaptation bounds for generative imputation with non-stochastic missing target features, focusing on PAC learning bounds rather than Rubin's missing data inference framework.",SKIP
Shang et al.,2017,VIGAN: Missing view imputation with generative adversarial networks,C,NO,"Develops VIGAN for missing multi-view data imputation, mentioning classic multiple imputation only in background literature to highlight its limitations on unobserved views.",SKIP
Ünal et al.,2014,Verification bias on sensitivity and specificity measurements in diagnostic medicine: a comparison of some approaches used for correction,C,NO,"Compares neural networks, multiple imputation, and statistical formulas for correcting verification bias under MAR/MNAR, citing statistical missingness frameworks as background methodology.",SKIP
Wang et al.,2026,"Uncertainty-aware, high-precision multi-step prediction of structural health monitoring sensor streams under extreme typhoon events: an enhanced Bayesian dynamic linear model leveraging the kernel regression basis function for severe environmental adaptation",D,YES,Develops a Bayesian dynamic linear model with kernel regression (KR-BDLM) for sensor stream prediction without addressing deep learning statistical missing data inference theory.,SKIP
Eid et al.,2025,Using Optimization Algorithms for Effective Missing-Data Imputation: A Case Study of Tabular Data Derived from Video Surveillance,D,NO,Uses metaheuristic optimization algorithms (Whale Optimization Algorithm) for feature selection in tabular data imputation without addressing deep learning statistical inference theory.,SKIP
Gan et al.,2025,Using neural networks for imputing missing values in insurance data,D,NO,"Applies GAN-based neural networks to impute insurance data, evaluating empirical prediction performance without examining statistical missing data inference theory.",SKIP
Li et al.,2025,Toward Efficient Traffic State Imputation From Sparse Observations on Road Network Scale: A Spatial-Temporal Query Matching Approach,D,YES,"Proposes an attention-based spatial-temporal query matching method (STQM) for traffic state field reconstruction, focusing on empirical prediction accuracy rather than statistical missing data theory.",SKIP
Talukder et al.,2025,XAI-HD: an explainable artificial intelligence framework for heart disease detection,D,NO,"Introduces an explainable AI framework for heart disease detection, treating missing data imputation merely as a standard data preprocessing step.",SKIP
Zhang et al.,2024,"Two-stage nonparametric framework for missing data imputation, uncertainty quantification, and incorporation in system identification",D,YES,"Presents a nonparametric statistical framework for missing data imputation and uncertainty quantification in system identification, operating outside deep learning architecture theory.",SKIP
Mamiya et al.,2015,Towards probabilistic decision support in public health practice: Predicting recent transmission of tuberculosis from patient attributes,D,NO,"Fits a logistic regression model for public health tuberculosis transmission prediction, using standard statistical missing data handling without addressing deep learning inference theory.",SKIP
