Año,Referencia,Dominio de aplicación,Tipo de datos,Número de variables,Longitud temporal,Mecanismo de ausencia asumido,Patrón de ausencia evaluado,Método,Tipo de salida: puntual o probabilística,Pérdida de entrenamiento,Métricas,Baselines,Ventajas,Limitaciones,Código o datos disponibles,Relevancia para tu taxonomía
1951,Kullback & Leibler (1951),Estadística matemática y teoría de la información general.,Distribuciones de probabilidad y densidades de variables abstractas.,N/A.,N/A.,N/A.,N/A.,Medida de discriminación de información y divergencia media de verosimilitud.,Probabilística (divergencia entre densidades de probabilidad).,Divergencia de información de Kullback-Leibler.,Divergencia simétrica J y medida de información asimétrica I(1:2).,"Distancia de Mahalanobis, información de Fisher.",Sustenta matemáticamente el concepto de suficiencia de Fisher y generaliza las nociones de Shannon/Wiener.,"Es una formulación de teoría de la información abstracta, no un algoritmo de imputación.",N/A.,Base métrica para evaluar la calidad de las distribuciones imputadas (Kullback-Leibler divergence).
1975,Beale & Little (1975),Estadística matemática clásica y análisis multivariante general.,Datos multivariantes tabulares continuos (simulados y reales).,Simulación (3 a 5 variables); Datos reales (5 variables de exámenes).,N/A.,"MAR y MCAR (valores perdidos de forma aleatoria, ""missing at random"").","Deletions aleatorias independientes en cada variable (5%, 10%, 20%, 40% de tasa de pérdida).",Máxima verosimilitud corregida (Iterated Buck) / Orchard & Woodbury's Missing Information Principle (algoritmo EM).,Puntual (estimación de parámetros de la distribución normal: medias y covarianzas).,Maximización de la verosimilitud esperada de los datos completos.,Residual sum of squares (S) y aproximación de matriz de covarianza de estimadores.,"Ordinary Least Squares (OLS) en casos completos (listwise), Buck original (1960), OLS no ponderado en imputados, OLS ponderado.",Aporta un estimador insesgado de máxima verosimilitud para la matriz de covarianzas; converge de forma robusta.,La deducción teórica rigurosa depende estrictamente de la normalidad multivariada de los datos.,N/A (implementación de software histórico Scicon).,Fundamento teórico primario del principio de información faltante y de la verosimilitud de Rubin.
1976,Rubin (1976),Fundamentos de la inferencia estadística clásica y bayesiana.,"Vectores de datos observados, faltantes y su indicador binario.",Vector multivariado general.,N/A.,"Define y formaliza MAR (Missing at Random), OAR (Observed at Random) e ignorabilidad.",N/A (plantea el proceso condicional general g_phi(m|u)).,Inferencia de verosimilitud e inferencia bayesiana bajo ignorabilidad del proceso de pérdida.,Inferencia estadística / Distribuciones a posteriori.,N/A (análisis matemático de condiciones de ignorabilidad).,N/A.,Análisis conjunto de datos e indicadores frente a análisis marginal.,Aporta las condiciones matemáticas más débiles posibles para realizar inferencias válidas ignorando el proceso de pérdida.,Trabajo puramente matemático y teórico; no describe algoritmos computacionales de resolución.,N/A.,La referencia teórica más importante de la literatura de datos faltantes; base del concepto de ignorabilidad.
1977,Kim & Curry (1977),Sociología y análisis de encuestas en ciencias sociales.,Datos tabulares estáticos de encuestas (ejemplo Blau-Duncan).,5 variables principales en simulación.,N/A.,"MCAR, MAR (dependiente de observadas), MAR (variable oculta), No MAR (dependiente del valor), No MAR (combinación).","Pérdida aleatoria a niveles del 1%, 2%, 5%, 10%.","Listwise deletion, Pairwise deletion, Regresión con componente aleatorio (Buck modificado), Sustitución de medias.","Puntual (cálculo de correlaciones, covarianzas y coeficientes de ruta).",N/A (mide desviación del estimador real).,Desviación media de coeficientes de correlación y covarianza respecto al modelo verdadero.,Comparación directa entre Listwise y Pairwise en datasets de variables moderadamente correlacionadas.,Clasifica teóricamente la tipología de ausencia; propone un test de aleatoriedad (Chi-cuadrado para combinaciones de ausencia).,Limitado a estadística lineal clásica; no contempla modelos no lineales profundos ni temporales.,N/A.,Base taxonómica para clasificar patrones de datos faltantes y su aleatoriedad en el análisis multivariante.
1977,"Dempster, Laird & Rubin (1977)","Estadística matemática general, genética, modelos lineales mixtos, análisis de supervivencia, datos truncados/censurados y agrupados.","Datos incompletos generales procedentes de familias exponenciales o generales (tabulares, de mezcla, agrupados).",Abstracto (multivariante general).,N/A.,MAR (Missing at Random) y OAR (Observed at Random).,"Patrones de ausencia generales, datos truncados, censura y agrupamiento.",Algoritmo EM (Expectation-Maximization): algoritmo iterativo basado en el cálculo de expectativas (E-step) y maximización de parámetros (M-step).,Puntual (parámetros de máxima verosimilitud).,Maximización de la verosimilitud esperada de los datos completos mediante Q(theta | theta^(p)).,"Log-verosimilitud observada (convergencia monótona), tasa de aumento de la información.","Modelos de Newton-Raphson, Fisher scoring, aproximaciones simples específicas de muestras de la época (Healy-Westmacott).",Garantía matemática de convergencia monótona en cada ciclo; alta generalidad de aplicación; evita segundas derivadas costosas.,Convergencia lenta (lineal) bajo altas tasas de información faltante; sensibilidad a la inicialización (puede converger a máximos locales).,N/A (formulación matemática fundacional).,Marco de referencia universal y punto de partida de la inferencia iterativa de verosimilitud en presencia de datos faltantes.
1979,Murray (1979),Análisis discriminante y estimación de densidades multivariantes.,Vectores multivariantes normales continuos (1 y 8 dimensiones).,d = 1 y d = 8 variables.,N/A.,MAR (citando explícitamente a Rubin 1976).,Patrones nested (anidados) de ausencia de datos y patrones generales.,Estimación predictiva bayesiana vs. método estimativo clásico (EM con MV).,Probabilística (función de densidad continua estimada).,Ajuste predictivo bayesiano integrado con a priori vagas.,Desviación de Kullback-Leibler respecto a la densidad verdadera.,"Estimative Method (MV convencional con EM), Best Normal Fit.",Demuestra la superioridad teórica y práctica del método predictivo sobre el estimativo para muestras pequeñas.,Cálculo analítico muy complejo para patrones generales no estructurados de datos faltantes.,N/A.,Conecta la divergencia KL con la estimación de verosimilitud en presencia de datos faltantes.
1983,Larimore (1983),"Selección de estructuras y orden de modelos estocásticos, series temporales, inferencia predictiva general.",Series temporales y variables estocásticas abstractas de muestras repetidas.,Vectores de variables K e Y.,N/A.,N/A (enfoque de inferencia predictiva sobre muestras futuras independientes).,N/A.,Inferencia predictiva basada en entropía y el principio de verosimilitud asintótica. Conecta suficiencia de Fisher con la divergencia KL.,Probabilística (densidades predictivas condicionales y conjuntas).,Negentropía condicional esperada (maximización del log-likelihood predictivo).,"Divergencia de Kullback-Leibler, Criterio de Información de Akaike (AIC).","Método estimativo tradicional (sustitución puntual de parámetros en muestras pequeñas), aproximación clásica de muestras repetidas.",Justificación robusta para muestras pequeñas; previene el sobreajuste al evaluar el comportamiento predictivo en muestras futuras independientes.,Formulación matemática abstracta; difícil aplicación directa sin supuestos específicos sobre las densidades continuas.,N/A.,Aporta el fundamento métrico para evaluar la similitud entre la distribución imputada y la real mediante entropía/KL.
1992,Ahmad & Tresp (1992),"Visión por computadora, robótica y reconocimiento de poses gestuales en 3D.",Coordenadas espaciales de características visuales extraídas de imágenes.,10 variables continuas (coordenadas polares de los 5 dedos de la mano respecto al centro de masa).,N/A (muestras estáticas de gestos).,"MAR y MCAR (oclusiones de la mano, fallas de detectores, sombras).","Pérdida aleatoria de características (de 1 a 6 variables eliminadas, hasta el 60% de ausencia); ruido aditivo en coordenadas.",Integración bayesiana óptima sobre variables faltantes mediante Redes de Función de Base Gaussiana (GBF) que aprenden la densidad local p(x).,Probabilística (probabilidades de clase p(Ci | xc) integrando las características ocultas).,Entrenamiento adversario o mínimos cuadrados; optimización de gaussianas con k-means y EM para modelar p(x).,Tasa de clasificación correcta en reconocimiento de gestos 3D.,"Retropropagación (BP) clásica con imputación por la media de características, redes de base radial clásicas con sustitución de la media.",Ofrece soluciones cerradas eficientes proyectando las gaussianas sobre las dimensiones observadas; excelente robustez con hasta 50% de pérdida.,Requiere un estimador de densidad preciso; la retropropagación clásica sufre degradación grave si no se integra la densidad.,No disponible públicamente en la época.,"Representa el enfoque de integración analítica de la densidad de variables faltantes, en lugar de imputación por sustitución puntual."
1992,Little (1992),"Inferencia en regresión lineal, epidemiología, sociología y análisis de encuestas de salud.",Datos tabulares continuos y binarios (ejemplo: encuesta de depresión en Los Ángeles).,"4 variables predictoras clave (log(income), edad, salud, días de cama) y respuesta Y (depresión).",N/A (datos transversales).,"MCAR, MAR (dependiente de X o dependiente de Y) y MNAR.",Simulación de pérdida del 50% en la variable de ingresos bajo tres mecanismos controlados.,"Estudio comparativo sistemático de complete cases, available cases, regresiones imputadas (Buck), verosimilitud (EM normal) e MI.","Puntual (en CC, AC, EM) y Probabilística (en MI y simulación bayesiana).",Mínimos cuadrados lineales ponderados (WLS) y verosimilitud normal mediante EM.,"Sesgo en coeficientes de regresión, errores estándar estimados, tasas de error de tipo I.",Análisis de mínimos cuadrados de datos completos originales (gold standard).,Demuestra los sesgos severos de la sustitución de la media y la atenuación de coeficientes si no se incluye la respuesta Y en la imputación.,El trabajo enfatiza el modelo normal lineal clásico; no abarca métodos generativos profundos no lineales modernos.,N/A (revisión de literatura e investigaciones por simulación).,Define la metodología de validación basada en la calidad de tareas posteriores (downstream tasks: coeficientes de regresión).
1993,"Ahmad, S., & Tresp, V. (1993). ",Visión por computadora (reconocimiento tridimensional de 7 gestos manuales a partir de imágenes en 2D en diversas poses y orientaciones).,Continuos (coordenadas polares bidimensionales de las posiciones de las puntas de los 5 dedos respecto al centro de masa de la mano).,"10 dimensiones (coordenadas r, theta para cada uno de los 5 dedos).",No aplica (clasificación de imágenes de gestos estáticos).,"Missing at Random (MAR) o fallos de detección debidos a oclusiones (autooclusiones, sombras, detectores de características poco fiables).",Características eliminadas de forma aleatoria (missing features) y características con ruido Gaussiano o uniforme (noisy features) de 1 a 6 dimensiones faltantes.,"Enfoque Bayesiano de integración de la densidad de probabilidad para extraer probabilidades de clase a partir de datos incompletos. Consiste en integrar el vector sobre las dimensiones faltantes ponderadas por la densidad de probabilidad de entrada local estimada $p(xc, xu)$. Se proponen soluciones en forma cerrada aproximadas utilizando Redes de Funciones de Base Radial Gaussiana (GBF networks) que aproximan la densidad de entrada usando una mezcla de gaussianas entrenada de forma blanda (algoritmo EM).",Probabilística. Estima las probabilidades a posteriori de cada clase dada la información parcial disponible: $p(Ci | xc)$.,Algoritmo EM para la mezcla de gaussianas y descenso de gradiente por mínimos cuadrados (LMS) para entrenar los pesos de salida de las redes RBF.,Porcentaje de muestras en las que la clase correcta se ubicó dentro de las dos primeras predicciones (top-2 accuracy).,"Imputación por el valor medio de los atributos, redes multicapa estándar entrenadas con Backpropagation (BP) con integración por Monte Carlo, y modelos GBF sin densidad preservada.",Las redes Gauss-RBF logran resultados óptimos superando con creces a la imputación por la media y a BP; retienen una exactitud top-2 superior al 90% incluso con el 50% de las variables faltantes; proporciona fórmulas analíticas cerradas sumamente rápidas sin necesidad de integraciones numéricas costosas.,"El método requiere que el modelo conserve de forma explícita la distribución de densidad de los datos de entrada (densidad de mezcla), lo que hace ineficientes a las redes tradicionales de backpropagation que carecen de estimadores de densidad integrados.",Traza de datos simulados usando un modelo informático 3D de mano humana en diversas orientaciones (4368 ejemplos de entrenamiento). Sin código público listado.,Clasificación clave para modelos híbridos generativos-discriminativos (redes de base radial como estimadores de densidad conjunta) que resuelven de forma analítica el clasificador posterior bajo ausencia y ruido de variables sin imputación explícita.
1993,"Little, R. J. A. (1993). ","Ciencias sociales, encuestas por muestreo y estudios de panel longitudinales con deserción (attrition).",Continuos (asunciones de normalidad multivariante) o categóricos (distribuciones multinomiales).,"Multivariados generales (2 variables en ejemplos de mezclas normales, tablas de contingencia $J imes K$ con márgenes suplementarios, 3 variables en modelos de panel).",Longitudinal de múltiples ondas (estudios de panel repetidos en el tiempo).,Missing Not at Random (MNAR) / No al azar.,Patrones monótonos de deserción y patrones generales no monótonos de no respuesta multivariada.,"Modelos de Mezcla de Patrones (Pattern-Mixture Models - PMM) y Modelos de Mezcla de Conjuntos de Patrones (Pattern-Set PMM). Consiste en modelar la distribución conjunta de datos completos de forma condicionada al patrón de valores faltantes (estratificando la muestra por patrón). Para resolver la subidentificación crónica (los datos ausentes de un patrón no se observan), se imponen restricciones de identificabilidad matemática que vinculan los parámetros no identificados con los de otros patrones observados, p. ej., Restricciones de Variables Faltantes de Casos Completos (CCMV restrictions).",Puntual (parámetros de la media marginal y matrices de covarianza agregando los estimadores de los estratos mediante combinaciones lineales ponderadas por las probabilidades del patrón).,Máxima Verosimilitud (ML) explícita no iterativa bajo la imposición de restricciones de identificabilidad del modelo de mezcla de patrones.,"Eficiencia asintótica (pérdida de tamaño de muestra efectivo ante datos MCAR), sesgo de los coeficientes, varianza asintótica de las estimaciones.","Modelos de selección ignorables tradicionales (asumiendo MAR) estimables con algoritmos EM iterativos complejos, análisis de casos completos (CC), análisis de casos disponibles (AC).","Proporciona estimadores de Máxima Verosimilitud analíticos (no iterativos) cerrados para patrones de datos ausentes complejos que de otro modo requerirían el algoritmo EM iterativo; los parámetros de mezcla condicionales son de alto valor práctico (ej. comparar ""movers"" frente a ""stayers""); las estimaciones son menos vulnerables a la falta de normalidad de los datos que los modelos de selección.","El modelo está inherentemente subidentificado y las estimaciones finales dependen de asunciones de restricciones matemáticas de identificabilidad que no se pueden verificar empíricamente desde los datos (como CCMV); si el número de casos completos es muy bajo, las restricciones CCMV se vuelven inestables y provocan estimaciones altamente erráticas.",Datos de encuestas de panel de ingresos ISDP. Sin código abierto adjunto.,Concepto fundamental para el modelado de datos faltantes no ignorables (NMAR) mediante la partición condicional basada en patrones de ausencia (PMM) como una alternativa computacionalmente directa y explícita a los modelos de selección.
1994,"Diggle, P., & Kenward, M. G. (1994).","Investigación biomédica y agrícola (ej. ensayos de proteína láctea semanal en vacas, ganancia de rendimiento lácteo frente a mastitis, ensayo clínico multicéntrico de antidepresivos).","Continuos, series temporales longitudinales de mediciones repetidas desbalanceadas.","Variable de respuesta medida de manera repetida a lo largo de múltiples periodos de tiempo, más covariables fijas de tratamiento, periodo, secuencia y centro.",Mediciones repetidas en visitas de seguimiento fijas (desde 4 periodos en un diseño cruzado hasta 19 semanas de duración en el ensayo lácteo).,Informative Drop-out (ID) o deserción informativa (Not Missing at Random - NMAR).,"Pérdida de seguimiento monótona (drop-out / deserción), donde una vez que el sujeto se retira o se pierde, no se vuelven a registrar observaciones.","Modelo de selección conjunta (selection model) que combina: (a) un modelo lineal general multivariante para la respuesta continua completa (asumiendo distribución gaussiana multivariante con estructuras de covarianza como autorregresiva de primer orden, simetría compuesta o antedependencia de orden 2); y (b) un modelo de regresión logística para el proceso de deserción, que permite que la probabilidad de retiro dependa del valor actual (posiblemente faltante) y de los valores previos de la respuesta.",Probabilística/Mixta. Estima parámetros puntuales del modelo marginal de respuesta mediante Máxima Verosimilitud (ML) y realiza inferencia mediante pruebas de razón de verosimilitud para contrastar supuestos de aleatoriedad (probando si el coeficiente de la variable actual $eta1$ en el modelo logístico es cero).,Maximización numérica de la función de log-verosimilitud del modelo conjunto mediante el algoritmo simplex de Nelder-Mead.,"Desviación estándar de los estimadores, sesgo relativo de la tendencia temporal, cambios en la log-verosimilitud ($-2 \log L$), porcentaje de sesgo eliminado en simulación.",Mínimos Cuadrados Ordinarios (OLS) y Máxima Verosimilitud bajo el supuesto de pérdida de seguimiento al azar (RD/MAR).,"Primer modelo formal unificado para el tratamiento riguroso de deserción informativa en datos continuos repetidos longitudinales; permite cuantificar y contrastar formalmente las hipótesis de CRD, RD e ID; corrige los sesgos de estimación de las tendencias que ocurren cuando las deserciones están correlacionadas con respuestas de bajo rendimiento.","Alta sensibilidad a la mala especificación del supuesto de distribución conjunta y de la estructura de covarianza; la optimización de la verosimilitud conjunta con más de 20 parámetros es sumamente lenta con el algoritmo simplex; debido a que la variable faltante en el momento del drop-out nunca se observa, los parámetros del modelo ID se estiman de manera indirecta dependiendo fuertemente de supuestos matemáticos de normalidad.",Datos reales provistos por Solvay Duphar BV (ensayo de antidepresivos) y la Universidad de Reading (mastitis en ganado). Sin código de implementación adjunto en las fuentes.,"Modelo de selección clásico seminal para datos faltantes no ignorables (NMAR) en series de tiempo longitudinales repetidas continuas, definiendo la interacción probabilística entre la respuesta latente y la variable indicadora de abandono."
1994,"Kong, A., Liu, J. S., & Wong, W. H. (1994). ","Inferencia y estadística Bayesiana multivariante (ejemplos en estimación de la matriz de covarianza normal, análisis no paramétrico de datos de bateo de jugadores de béisbol, modelos gráficos probabilísticos y genética de ligamiento/pedigrí de loci múltiples).","Continuos, categóricos o discretos de alta complejidad estructural y no i.i.d. (ej. cadenas de Markov, árboles, distribuciones de Dirichlet infinitas).","Variable según el caso (ej. datos de béisbol con 18 variables, matriz de covarianza normal de 6 dimensiones).","No aplica (su naturaleza de procesamiento es secuencial por casos $t = 1, \dots, n$ para la generación de pesos de importancia estocástica).",Missing at Random (MAR) o no ignorables (NMAR) según el modelo específico (p. ej. en genética de ligamiento).,Patrones de datos faltantes multivariados generales complejos.,"Imputación Secuencial (Sequential Imputation) no iterativa. Es una variante del muestreo de importancia que genera múltiples conjuntos de datos aumentados imputando consecutivamente las partes faltantes del caso $t$ basándose en la densidad predictiva condicionada en los datos observados actuales y en los valores previamente imputados, acumulando y normalizando un peso de importancia estocástica recursivo para cada trayectoria de simulación.",Probabilística. Representa y aproxima la distribución de probabilidad a posteriori del parámetro de interés $ heta$ mediante una mezcla ponderada de las distribuciones de los conjuntos de datos completos aumentados.,No aplica (es un algoritmo estocástico de simulación monte carlo directo que evita optimizaciones iterativas).,"Tamaño de muestra efectivo (Effective Sample Size - ESS) calculado mediante la varianza de los pesos estandarizados de importancia, sesgo, errores estándar.","Muestreador de Gibbs (Gibbs sampler), Algoritmo de aumento de datos iterativo de Tanner y Wong, EM.","Método no iterativo que elimina las lentitudes e inestabilidades de convergencia del EM y del muestreador de Gibbs; permite realizar análisis de sensibilidad, análisis de influencia de casos (case-deletion) y actualizaciones en tiempo real de manera extraordinariamente barata simplemente recalculando o ajustando los pesos de importancia acumulados sobre las simulaciones existentes.","Si los datos observados de casos completos iniciales son críticamente pocos, el estimador puede volverse inestable (varianza de pesos muy alta, ESS muy bajo) debido a que las primeras imputaciones secuenciales se guían por prioris planas imprecisas.",Simulaciones ejecutadas en Sparc Station II/SLC. Datos históricos de Murray (bivariada normal) y Efron-Morris (bateo de béisbol).,Algoritmos de simulación e imputación de importancia secuencial (Muestreo de Importancia Secuencial / SIS) no iterativos para la resolución Bayesiana de datos ausentes complejos de alta dimensión y dependencias estructurales.
1995,"Little, R. J. A. (1995). ","Ensayos clínicos longitudinales de medidas repetidas (ej. ensayos clínicos de hipertensión, estudios de función pulmonar infantil, estudios de proteína en leche de vacas, progresión de CD4 en pacientes con SIDA).","Continuos o mixtos continuos/categóricos, datos longitudinales repetidos desbalanceados.","Variable de respuesta medida repetidamente en el tiempo, más variables predictoras basales de diseño.",Múltiples visitas de seguimiento repetidas (ondas longitudinales monótonas).,"Clasifica y estudia múltiples supuestos: completamente al azar dependiente de covariables, al azar (MAR/RD), no ignorables dependientes de la respuesta (outcome-based) y no ignorables dependientes de coeficientes aleatorios (random-coefficient-based).",Pérdida de seguimiento monótona (drop-out / deserción).,"Taxonomía y unificación de modelos longitudinales de coeficientes aleatorios (interceptos y pendientes latentes) en dos grandes familias de factorización: 1. Modelos de selección con coeficientes aleatorios (Random-Coefficient Selection Models): factoring $[Yi, Ri, etai | Xi] = [Yi | Xi, etai] [etai | Xi] [Ri | Xi, Yi, etai]$. 2. Modelos de mezcla de patrones con coeficientes aleatorios (Random-Coefficient Pattern-Mixture Models): factoring $[Yi, Ri, etai | Xi] = [Yi | Xi, etai, Ri] [etai | Xi, Ri] [Ri | Xi]$.",Mixta. Permite estimar trayectorias medias longitudinales puntuales y varianzas asociadas a los coeficientes aleatorios del crecimiento bajo ML o inferencia bayesiana.,Software estadístico estándar para modelos ignorables (Laird-Ware mediante BMDP5V o SAS Proc Mixed) o algoritmos iterativos EM/MCMC complejos (como muestreo de Gibbs) para las integrales de los coeficientes aleatorios en los no ignorables.,"Sesgo de las pendientes longitudinales medias, errores estándar, eficiencia relativa e intervalos de confianza bajo simulaciones.","Mínimos cuadrados ordinarios, análisis de casos completos, mínimos cuadrados no ponderados (ML de modelos de mezcla de patrones) y modelos lineales condicionales de Wu-Bailey.",Proporciona un marco taxonómico unificado extremadamente claro de todos los modelos de datos faltantes no ignorables en estudios longitudinales; distingue la deserción dependiente de la respuesta de la deserción impulsada por la progresión de la enfermedad subyacente (coeficientes aleatorios); muestra cómo los modelos de mezcla de patrones evitan especificar la compleja forma matemática de la deserción.,La estimación conjunta en modelos de selección no ignorables es sumamente inestable y depende de supuestos gaussianos no verificables; los modelos de mezcla de patrones no restringidos sufren de una inestabilidad severa para patrones con muy pocas observaciones.,Resúmenes de simulaciones de la literatura. Sin código abierto adjunto.,Clasificación exhaustiva de modelos longitudinales repetidos conjuntos para datos NMAR (modelos de selección con coeficientes aleatorios vs modelos de mezcla de patrones).
1995,Draper (1995),"Inferencia estadística, toma de decisiones y modelado bayesiano en presencia de incertidumbre estructural.","Datos estadísticos de modelos (ej. precio del petróleo, fallas del transbordador Challenger).",N/A.,N/A.,MAR/MCAR en el contexto de expansión de modelos bayesianos (ocultamiento de periodos temporales pasados para simulación de incertidumbre).,Validación predictiva (ocultar datos pasados y predecir el futuro conocido).,Expansión Discreta de Modelos (Discrete Model Expansion) y Bayes empírico. Integra la incertidumbre estructural promediando sobre un espacio de modelos posibles.,Probabilística (distribuciones predictivas completas).,Maximización de la verosimilitud marginal integrada (Bayes factor) y calibración de pesos.,"Nominal p-values, forecast error calibration, posterior model probabilities.","Fixed effects models, logistic regression, naive single-model selection (S* approach).",Cuantifica rigurosamente la incertidumbre estructural que el modelado clásico con un solo modelo 'correcto' ignora; mejora el calibrado de las bandas de incertidumbre.,Computacionalmente desafiante para espacios de modelos grandes.,No disponible directamente en los extractos.,Enfoques Bayesianos de promediado de modelos y análisis de robustez ante incertidumbre del mecanismo y estructura de datos.
1996,"Gupta, A., & Lam, M. S. (1996). ",Finanzas y clasificación empresarial (clasificación y predicción de aumentos o disminuciones en las ganancias por acción de empresas industriales de CompuStat).,Tabulares continuos multivariantes (ratios contables y financieros de empresas) junto a una variable objetivo binaria.,"6 variables predictoras financieras continuas (cambios porcentuales en inventario, ventas netas, dividendos, depreciación, gasto de capital y utilidad neta) y 1 variable binaria de respuesta (ganancias por acción).",Datos anuales de dos periodos consecutivos (1986-1987 para entrenamiento y ajuste; 1987-1988 para validación/conjunto de prueba).,No se define un supuesto explícito de mecanismo (se trata la ausencia como un problema de reconstrucción predictiva de atributos).,"Casos con una sola variable faltante (experimento 2) y casos con múltiples variables faltantes reales en las empresas (experimento 3), con proporciones de ausencia de hasta el 50% de la muestra.","Reconstrucción de atributos faltantes utilizando redes neuronales multicapa artificiales (algoritmo de retropropagación / backpropagation). Para un solo atributo faltante, se entrena una red para predecir dicho atributo a partir de las otras 5 variables financieras; para atributos múltiples, se diseña una única red con múltiples entradas (variables completamente observadas) y múltiples salidas correspondientes a las variables con posibles faltantes.",Puntual (los valores reconstruidos son estimaciones numéricas directas insertadas en la tabla).,Error cuadrático medio para retropropagación de los pesos de la red neuronal empleando una función de activación sigmoidal.,Tasa de ajuste (fit rate) en el conjunto de entrenamiento y tasa de acierto (hit rate) de clasificación final en el conjunto de prueba usando Análisis Discriminante y Redes Neuronales como clasificadores sobre los datos imputados.,"Imputación por la media de las variables (Average), modelo de regresión lineal iterativo múltiple, eliminación de casos incompletos (Complete Cases).",Las redes neuronales superan de forma consistente al reemplazo por la media y la regresión iterativa en la tasa de acierto de clasificación; es robusto ante relaciones no lineales de los atributos; permite resolver la imputación de múltiples variables de forma eficiente con un solo entrenamiento de red con múltiples salidas (en lugar de ajustar múltiples modelos de regresión individuales).,"Dificultad para definir hiperparámetros óptimos de forma teórica (momento, tasa de aprendizaje, número de nodos ocultos se eligen por ensayo y error); propensión al sobreajuste si se entrena con demasiadas iteraciones; los pesos finales de la red entrenada son difíciles de interpretar (naturaleza de caja negra).",Implementado en el software de simulación NNSIMS y SPSSPC en una microcomputadora 386DX. Datos financieros reales de CompuStat.,Demostración empírica de imputación no lineal no paramétrica tabular multivariada mediante modelos de aprendizaje automático (redes MLP) para mejorar tareas de clasificación descendente en conjuntos de datos pequeños con alta tasa de ausencia.
1996,"Little, R. J. A., & Wang, Y. (1996). ",Ensayos clínicos en psiquiatría (ensayo clínico de dosis-comparación de haloperidol para el tratamiento de esquizofrenia) y regresiones generales con predictores faltantes.,"Continuos, datos multivariados con covariables de diseño continuas o categóricas fijas ($x$).","Variable de respuesta en visitas repetidas (ej. puntuación psiquiátrica BPRSS medida en línea de base, semana 1 y semana 4) y covariables fijas de dosificación de fármacos.","Mediciones longitudinales repetidas en periodos de seguimiento fijos (semana 0, 1 y 4).",MAR (bajo restricciones CCMV) o no al azar (NMAR) parametrizado mediante combinaciones de variables que modelan el impacto de la respuesta no observada en la no respuesta.,"Patrón monótono de deserción unilateral (medición final de la semana 4 faltante para una proporción de sujetos, línea de base y semana 1 observadas).",Modelos de Mezcla de Patrones de regresión normal multivariante con covariables fijas. Formula el modelo de regresión de $Y$ en $x$ separado para completos e incompletos. Incorpora restricciones para identificar los parámetros: 1. Supuesto MAR (identificado analíticamente mediante CCMV). 2. Supuestos NMAR basados en la respuesta donde la no respuesta depende de combinaciones lineales conocidas de las variables ($C Y{(1)} + \lambda Y{(2)}$) para un parámetro $\lambda$ dado. Presenta estimación por Máxima Verosimilitud (ML) mediante el algoritmo EM (para modelos sobreidentificados) y simulación de la distribución posterior mediante MCMC (muestreo de Gibbs).,"Mixta. El algoritmo EM proporciona estimaciones puntuales de medias y coeficientes, y el muestreador de Gibbs simula la distribución posterior bayesiana completa generando medias y varianzas de los efectos bajo prioris conjugadas.","Algoritmo EM modificado con barrido (sweep operator) para alternar estimaciones de momentos y coeficientes, y muestreo de Gibbs con distribuciones condicionales normales y Wishart.","Parámetros estimados del cambio medio de BPRSS, error estándar, significancia estadística (valores p) del tratamiento downstream, histogramas de pesos.","Análisis de casos completos, Máxima Verosimilitud ignorable (IML), modelo de selección probit de Heckman tradicional.",Primer modelo formal que extiende los modelos de mezcla de patrones para incorporar covariables estructurales de diseño $x$; permite realizar análisis de sensibilidad sistemáticos de forma más robusta que los modelos de selección al no requerir elegir una forma paramétrica funcional para la selección (como el probit) sino fijando el parámetro de dependencia $\lambda$; provee algoritmos detallados para EM y Gibbs.,"La estabilidad y consistencia del modelo descansa en la asunción de linealidad de las regresiones; si la covarianza estimada resulta no definida positiva en muestras pequeñas, requiere corrección mediante descomposición ortogonal de eigenvalores.",Implementado en funciones personalizadas de R (empleando algoritmos SEM). Datos del ensayo de haloperidol facilitados por el Dr. Theodore Van Putten y Dr. Jim Mintz.,"Incorporación de covariables de diseño fijas en modelos de mezcla de patrones (PMM) multivariados continuos bajo MAR y NMAR, soportados por estimación iterativa EM y simulación bayesiana MCMC."
1997,Schafer (1997),"Análisis multivariante estadístico avanzado, bioestadística, demografía y encuestas nacionales complejas.","Bases de datos de múltiples tipos de variables (continuas, categóricas y mixtas) con datos incompletos.",General (multivariado arbitrario de alta dimensión).,"N/A (enfocado en cortes transversales, con extensiones en panel).",MAR (Missing at Random) e ignorabilidad.,"Patrones de ausencia arbitrarios, aninados/monótonos y cuasi-monótonos.","Monografía teórica integral sobre EM, ECM, ECME y algoritmos MCMC estocásticos (Data Augmentation, Gibbs sampler, IPF bayesiano).",Probabilística (Múltiple Imputación con algoritmos paramétricos).,Estimación bayesiana a posteriori e iteraciones estocásticas basadas en el log-likelihood de datos completos.,"Log-verosimilitud, autovalores de transformación, autocorrelaciones de series de tiempo de parámetros.","LD (listwise), regresiones univariadas y sustituciones clásicas.","Sustento matemático unificado para tres modelos paramétricos clave: normal, log-lineal y localización general (mixed data).",Forte dependencia de supuestos paramétricos estrictos; costo computacional de las iteraciones MCMC en grandes datasets.,"Software NORM, CAT, MIX, PAN en S-PLUS y ejecutables independientes.",La obra de referencia definitiva de la estadística clásica de datos faltantes; unifica la teoría de verosimilitud con los métodos bayesianos MCMC.
1997,Meng & van Dyk (1997),"Algoritmos de optimización para inferencia estadística con datos incompletos (ajuste de distribución t multivariada, tomografía de emisión, efectos mixtos).",Datos tabulares incompletos continuos y de conteo.,Multivariante (ej. simulación t de 10 dimensiones).,N/A.,"MAR/MCAR (datos latentes/auxiliares aumentados, ""data augmentation"").",N/A (convergencia teórica).,"Algoritmos EM-type acelerados (ECM, ECME, SAGE, AECM, PX-EM) mediante el uso de parametrizaciones no convencionales y la introducción de un parámetro de trabajo de escala/rotación optimizado.",Puntual (estimación de parámetros de máxima verosimilitud).,Maximización de la verosimilitud esperada de los datos completos.,Tasa de convergencia global y de componentes (número de iteraciones requeridas para convergencia).,"EM estándar (Dempster et al., 1977), Newton-Raphson, algoritmos de Fessler & Hero (1994).",Incrementa drásticamente la velocidad de convergencia del algoritmo EM clásico sin sacrificar la estabilidad ni la simplicidad conceptual; conecta formalmente EM con MCMC.,La devolución analítica del parámetro de trabajo óptimo puede ser sumamente laboriosa y dependiente de la familia de distribuciones.,N/A (ejemplos matemáticos).,Métodos de optimización de máxima verosimilitud con aumento de datos y reducción de modelos en presencia de variables latentes.
1998,Schafer & Olsen (1998),"Ciencias de la conducta, psicología social y salud adolescente (estudio AAPT sobre consumo de alcohol).",Datos tabulares mixtos continuos y categóricos de encuestas escolares.,"9 variables clave (monitoreo parental, relación con padres, consumo de pares, alcohol, género, etc.).",Estudios de seguimiento en grados escolares (grados 7 y 9).,MAR (Missing at Random) e ignorabilidad.,"Ausencia planificada por diseño de tres formas (A, B, C; 1/3 de datos faltantes por diseño) y deserción no planificada (45% de pérdida).",Imputación Múltiple (MI) mediante Aumento de Datos (Data Augmentation - DA) basado en MCMC con modelo normal multivariado (software NORM).,Probabilística (m = 10 conjuntos de imputaciones independientes).,A posteriori bayesiana bajo distribuciones previas no informativas (pasos I-step y P-step secuenciales).,"Errores estándar combinados, p-valores ajustados y porcentaje de información faltante (Rubin's Rules).","Listwise deletion (eliminación por lista), sustitución de la media global, sustitución de predicciones de regresión simple.",Mantiene el tamaño muestral completo; incorpora de forma realista la incertidumbre de la imputación; robusto para variables binarias con redondeo.,No modela interacciones complejas inter-variables a menos que se definan explícitamente como productos en el modelo de imputación.,"Software gratuito NORM, CAT, MIX, PAN (en Fortran/Windows).",Guía práctica clave que popularizó la imputación múltiple y el uso de algoritmos MCMC/DA en la investigación conductual.
1999,van Buuren (1999),"Epidemiología, encuestas de salud pública (NHANES III), demografía y medicina conductual.","Datasets multivariados con variables de diversos niveles de medición (nominales, ordinales, intervalares) y no lineales.",Múltiples variables clínicas y demográficas del dataset NHANES III.,N/A.,MAR (Missing at Random).,"Patrones generales complejos, circularidades lógicas (Y1 dada Y2, e Y2 dada Y1) y predictores recursivos ausentes.",MICE (Multivariate Imputation by Chained Equations) / Missing Data Machine (MDM): descompone el problema en regresiones condicionales univariadas.,Probabilística (conjuntos de m imputaciones independientes).,"Optimización univariada local por mínimos cuadrados, regresión logística o logística politómica secuencial.","fmi (fracción de información faltante), RMSE, consistencia predictiva.","Método de Modelado Conjunto (Joint Modeling) de Schafer (1997), interpolación por splines (transcan).",Extrema flexibilidad; evita formular una densidad conjunta global; permite imputación pasiva para sincronizar transformaciones/dummies.,"Teóricamente, las distribuciones condicionales especificadas de forma independiente pueden ser incompatibles matemáticamente.","Librería ""MDM"" para S-PLUS disponible gratuitamente.","Aporta el paradigma FCS (Especificación Condicional Completa), permitiendo la imputación multivariada sin supuestos de normalidad global."
1999,"Scharfstein, D. O., Rotnitzky, A., & Robins, J. M. (1999). ",Ensayos clínicos y epidemiología del VIH/SIDA (conteo de células CD4 a las 56 semanas en el ensayo clínico aleatorizado ACTG 175).,"Continuos y categóricos de eventos en tiempo continuo (tiempos de drop-out, conteos de CD4 repetidos, uso de drogas).","Variable de respuesta final $Y$ (CD4 a las 56 semanas), historia del proceso de covariables $V(t)$ (edad, CD4 previo, uso de drogas IV), indicador de deserción y tiempo continuo de retiro $Q$.",Tiempo continuo de seguimiento hasta un límite común de $T = 56$ semanas.,"Not Missing at Random (NMAR) / No ignorable. Se asume que el riesgo instantáneo (hazard) de deserción en el tiempo $t$ depende del resultado post-deserción $Y$ de forma proporcional a través de un término multiplicativo $\exp(lpha0 Y)$, donde $lpha0$ es el parámetro de sesgo de selección no identificado.",Pérdida de seguimiento y censura en tiempo continuo ($Q < T$).,"Estimadores semiparamétricos ponderados por el inverso de la probabilidad de censura aumentados (Augmented Inverse Probability of Censoring Weighted - AIPCW). Dado que el parámetro $lpha0$ que mide el sesgo de selección es inestimable desde los datos sin supuestos paramétricos extremos sobre la respuesta, proponen tratar $lpha0$ como un parámetro de sensibilidad conocido a priori y estimar la media marginal $\mu0$ como una función del mismo mediante análisis de sensibilidad. Se estiman las funciones de hazard base acumuladas $\Lambda0(t)$ de forma no paramétrica.","Mixta. Provee una estimación puntual de la media marginal de CD4 para cada valor fijado de $lpha0$, junto a errores estándar e intervalos de confianza asintóticos robustos (RAL).",Resolución de ecuaciones de estimación AIPCW recursivas para estimar de manera no paramétrica e independiente del tiempo la línea de base del riesgo acumulado $\Lambda(t; \gamma)$ en cada grupo.,"Sesgos de las medias de CD4 estimadas, desviación estándar empírica de las simulaciones, errores estándar asintóticos teóricos y tasas de cobertura de intervalos.","Mínimos cuadrados ordinarios sobre casos completos (CC), estimadores IPCW simples (sin aumentos/corrección), estimadores bajo supuesto CAR/MAR ($lpha0 = 0$).",Proporciona estimadores consistentemente normales y asintóticamente lineales (RAL) para la media de $Y$ sin requerir modelar la compleja distribución de verosimilitud de la respuesta y covariables (robusto a la mala especificación del modelo de datos); permite un análisis de sensibilidad formalmente impecable; maneja de manera natural covariables de alta dimensión y de tiempo continuo en el modelo de Cox.,"Si el parámetro de sensibilidad $lpha0$ toma valores muy extremos, las ponderaciones para unos pocos sujetos con respuestas extremas se disparan explosivamente (breakdown de los pesos), lo que causa que los estimadores AIPCW se vuelvan inestables y colapsen hacia los límites teóricos del intervalo de la muestra.",Datos reales del ensayo clínico ACTG 175 del SIDA. Sin código abierto adjunto.,Estimadores robustos semiparamétricos ponderados por probabilidad inversa (AIPCW) para el análisis de sensibilidad de deserción NMAR en tiempo continuo con covariables de alta dimensión bajo modelos de riesgo proporcional (Cox).
1999,Pitt & Shephard (1999),Econometría financiera y modelado de volatilidad estocástica (filtrado y suavizado bayesiano secuencial).,Series de tiempo no lineales y no gaussianas de activos financieros.,Multivariante (ej. volatilidades de múltiples activos).,Series diarias financieras extensas.,MAR en el contexto de variables de estado latentes no observadas.,Estimación de estados ocultos filtrados en tiempo real.,"APF (Auxiliary Particle Filter) o Filtro de Partículas Auxiliar. Introduce variables auxiliares para pre-filtrar y remuestrear las partículas basadas en estimaciones de máxima verosimilitud de un paso adelante, mitigando el problema de la muestra de partículas ""ciegas"".",Probabilística (distribución posterior empírica de las variables latentes).,Minimización del error de aproximación mediante muestreo de importancia (SIR).,"Varianza de las estimaciones, log-likelihood, effective sample size of particles.","Bootstrap filter original (Gordon et al., 1993), métodos de suavizado MCMC tradicionales.",Resuelve el problema del colapso de partículas cuando los datos observados están en las colas de la distribución de transición; reduce la varianza del estimador secuencial.,El cálculo del APF completo con variables de estado de alta dimensión puede ser computacionalmente prohibitivo.,N/A.,Métodos de simulación secuencial Monte Carlo (filtros de partículas) y variables latentes para el filtrado en series temporales no lineales.
2002,Schafer & Graham (2002),"Psicología comunitaria, ciencias del comportamiento y salud mental.","Datos tabulares multivariados continuos, categóricos, mixtos y semi-continuos.",General (multivariado arbitrario).,Transversales y longitudinales con attrition.,"MCAR, MAR y MNAR.","Ausencia univariada, monótona y patrones realistas de deserción (attrition).",Revisión rigurosa de las dos grandes familias del estado del arte recomendado: Máxima Verosimilitud (FIML) e Imputación Múltiple (MI).,Probabilística (MI) y puntual adaptada (FIML).,Maximización del log-likelihood de datos observados (EM/FIML) y muestreo bayesiano MCMC a posteriori (DA).,"RMSE, cobertura de intervalos de confianza, sesgo de estimación estandarizado, poder estadístico.","Eliminación por lista (LD), pairwise (AC), sustitución de medias, hot-deck, regresión condicional, ipsative mean imputation.","Demuestra matemáticamente que el modelado MAR mediante ML y MI es robusto frente a desviaciones ligeras de MAR, por lo que es la mejor práctica disponible.",Los modelos no-MAR (selección y mezcla de patrones) son sumamente inestables y sensibles a desviaciones paramétricas pequeñas.,Software comercial y gratuito referenciado detalladamente en su sitio web.,Análisis taxonómico crítico que formaliza y valida la ignorabilidad y robustez de los métodos paramétricos recomendados.
2004,Junninen et al. (2004),Calidad del aire y meteorología ambiental (Helsinki y Belfast 1998).,"Contaminantes gaseosos y variables de meteorología (WS, WD, TEMP, RH).",10 variables ambientales simultáneas.,Año completo con muestreo horario (8758 horas por variable).,MAR.,"Tres patrones simulados: Simple (huecos de 1-5h), Medium (huecos medios), Complex (bloques largos de días), tasas de 10% y 25%.","Univariantes (Linear, Spline, NN); Multivariantes (REGEM, NN, SOM, MLP); Híbridos y Multiple Imputation (MI).",Puntual y Probabilística (MI).,Backpropagation del error en MLP y optimización de centroides en SOM.,"Index of agreement (d2), R2, RMSE, MAE, preservación de frecuencia por espectro de potencia (Fourier).","Random Imputation, Mean Imputation.",Alinea la efectividad del método con el patrón y longitud del hueco; evalúa la conservación de las frecuencias de la serie de tiempo.,Las redes MLP de la época eran muy simples (una única capa oculta sin autoatención).,"Paquete MATLAB ""Missing Data Toolbox"" público en www.uku.fi/envi/downloads.htm.",Establece el estándar metodológico clásico de evaluación por longitud de hueco y espectro de Fourier.
2007,"Carpenter, J. R., Kenward, M. G., & White, I. R. (2007). ","Ensayos clínicos médicos (p. ej., ensayo clínico aleatorizado de intervenciones educativas por correo o presenciales para mejorar la calidad de las revisiones por pares de artículos médicos en el BMJ).","Continuos (Índice de Calidad de la Revisión - RQI, escala validada de 1 a 5).",Variable de respuesta principal (RQI del artículo 2) y covariables completamente observadas (RQI inicial del artículo 1 y grupo de asignación de tratamiento).,Dos puntos de tiempo (basal/paper 1 y post-intervención/paper 2).,Missing Not at Random (MNAR) / No al azar. El método parte de imputaciones generadas bajo el supuesto ignorable de MAR y evalúa desviaciones controladas mediante un análisis de sensibilidad.,"Pérdida de seguimiento y deserción (dropout) en ensayos clínicos (p. ej., pacientes asignados a una intervención que no envían la segunda revisión). En el caso de estudio, la deserción llegó al 25% global y hasta un 38% en el grupo de intervención postal.",Método de reponderación de imputaciones múltiples (importance-weighted MI) mediante muestreo de importancia (Importance Sampling). Se imputan los datos faltantes bajo el supuesto estándar de MAR (creando $M$ conjuntos). El estimador NMAR final de un parámetro de tratamiento ($ heta$) y su varianza se calculan reponderando los resultados de cada conjunto de datos imputado. Los pesos dependen de la variable imputada y de un parámetro de sensibilidad fijo $\delta$ (delta) que representa el cambio en el log-odds de respuesta ante variaciones de una unidad en la respuesta.,"Probabilística/Mixta. El estimador final del efecto es puntual, pero el marco calcula la varianza ajustada de Rubin ($V{NMAR}$) mediante reponderación y ajusta los grados de libertad de la distribución t para las pruebas de Wald.",No aplica (es un método de reponderación post-hoc bayesiano/frecuentista no iterativo).,"Sesgo remanente, error estándar (SE), cobertura de los intervalos de confianza e influencia de casos individuales.","Imputación múltiple estándar bajo MAR (MICE), análisis de casos completos (CC/MCAR), y modelado conjunto NMAR completo usando MCMC (winBUGS) con prioris vagas.",Es extremadamente rápido computacionalmente ya que evita el costoso entrenamiento de modelos conjuntos iterativos NMAR (como MCMC en winBUGS); es robusto frente a la mala especificación del modelo de deserción respecto a la parte de los datos observados (semiparamétrico); y permite realizar análisis de sensibilidad de forma inmediata simplemente cambiando el valor de $\delta$ y recalculando los pesos sobre las imputaciones MAR existentes.,"Si la deserción es severa y el solapamiento entre la distribución de datos observados e imputados es bajo (por ejemplo, con deltas $\delta$ muy grandes), los pesos se concentran en unas pocas imputaciones dominantes, haciendo que las estimaciones sean erráticas y subestimen el error estándar, a menos que el número de imputaciones $M$ sea muy grande ($M \geq 50$ o $M \geq 250$).","Datos del ensayo clínico de revisiones por pares del BMJ de Schroter et al. (2004). No se detalla un repositorio de software específico, pero se menciona que es fácilmente implementable sobre cualquier software de imputación múltiple estándar.","Clasificación clave para métodos semiparamétricos de análisis de sensibilidad no ignorables (NMAR) en variables de respuesta continuas de ensayos clínicos mediante reponderación estocástica (Muestreo de Importancia), sorteando el costo de modelos de selección conjunta."
2009,Graham (2009),"Psicología conductual, psiquiatría, medicina comunitaria y programas de prevención longitudinales.","Series de tiempo longitudinales multi-ola complejas, datos continuos, categóricos y de clústeres escolares.",Decenas de variables clínicas y de comportamiento (tabulares mixtas).,Múltiples olas anuales de recolección (longitudinal).,MAR (Missing at Random) y MNAR (deserción longitudinal sistemática / attrition).,Pérdida no planificada (ola de deserción) y pérdida planificada mediante diseños multiformas rotados (3-form).,"Análisis e integración práctica de FIML e Imputación Múltiple (MI) bajo la estrategia ""inclusiva"" de variables auxiliares.",Probabilística (MI con m = 40 conjuntos de imputaciones) y puntual robusta (FIML).,Maximización del observed-data likelihood (FIML) y algoritmos de aumento de datos bayesianos MCMC (DA).,"Poder estadístico para efectos pequeños, sesgo estandarizado, tasa de error tipo I, cobertura de intervalos.","Listwise deletion (LD), pairwise deletion (AC), sustitución de medias, regresión puntual simple.",Demuestra que añadir variables auxiliares (e.g. mediciones previas) mitiga drásticamente el sesgo no-MAR; justifica m = 40 imputaciones para el poder.,Alta complejidad para seleccionar y preprocesar variables auxiliares cuando hay cientos de ítems de encuestas.,"Sí (guías para usar software NORM, Amelia II, SAS Proc MI, Mplus, Amos, LISREL).","Establece la regla práctica de la estrategia inclusiva (auxiliary variables), puente entre los supuestos MAR y la deserción en el mundo real."
2009,"Sarrouy, O., Totel, E., & Jouga, B. (2009). ",Seguridad informática y sistemas de detección de intrusiones (IDS) a nivel de proceso (detección de ataques orientados puramente a datos de aplicación que no alteran el flujo de control del programa).,Discretos y continuos (valores de variables y memoria del proceso obtenidos mediante instrumentación binaria dinámica).,Múltiples variables del programa e ítems de datos de memoria crítica filtrados bajo el concepto de conjunto de datos sensible a intrusiones (Intrusion Sensitive Data Set - ISDS).,No aplica (mide secuencias de estados globales de ejecución del software).,No aplica en el sentido clásico de datos faltantes en tablas. El supuesto es de seguridad: los ataques de datos se manifiestan porque violan restricciones de invarianza de datos que son consistentes bajo condiciones normales.,No aplica.,Extracción y control dinámico del sistema de restricciones invariantes $C$ que caracterizan los estados de ejecución limpia del software. Reduce el conjunto de variables críticas definiendo el ISDS mediante análisis causal de dependencias (taint analysis) centrándose solo en datos que dependan de entradas del usuario y que influyan en llamadas críticas del sistema. Utiliza la herramienta Daikon para extraer invariantes del ISDS sobre trazas de ejecución libre de ataques.,Puntual/Booleano (emite una alerta de intrusión binaria tan pronto como una restricción de invarianza de datos se rompa a nivel de byte en memoria).,"No aplica (extracción heurística exhaustiva de relaciones constantes, lineales, de orden o conjuntos a partir del generador de Daikon).",Detección de ataques orientados a datos puros sin falsos positivos en ejecución limpia.,IDS tradicionales basados exclusivamente en la integridad del flujo de llamadas del sistema (modelos tradicionales inmunológicos de caja negra y caja gris).,Capaz de detectar ataques sumamente sofisticados de datos puros (mimicry attacks) que evaden por completo a los IDS de llamadas de sistema; el uso del ISDS mediante taint analysis disminuye dramáticamente la cantidad de datos a monitorear.,"La instrumentación a nivel de instrucciones de ensamblador binario carece de semántica enriquecida de tipos de datos, limitando el tipo de invariantes que la herramienta Daikon puede extraer de forma automática.",Prototipo desarrollado utilizando Valgrind y Daikon. Datos de vulnerabilidades reales de wu-ftpd.,Modelado de seguridad e integridad de datos críticos mediante restricciones y dependencias invariantes deterministas causales en entornos de ejecución de sistemas de software.
2010,Shmueli (2010),Metodología de modelado estadístico y minería de datos (discusión conceptual sobre la diferencia entre explicar y predecir).,"Datos empíricos (tabulares, encuestas, subastas en línea).",N/A.,N/A.,"MAR, MCAR, MNAR en contextos explicativos vs. predictivos.",Evaluación del impacto de la imputación en el error predictivo (out-of-sample) frente al sesgo de estimación de coeficientes.,Análisis comparativo de enfoques de manejo de datos faltantes en árboles de clasificación y regresión predictiva (ej. creación de variables dummy de ausencia/missing indicators).,Puntual (imputación predictiva) y probabilística (distribución posterior predictiva).,Minimización del sesgo de estimación de coeficientes (enfoque explicativo) vs. minimización del error de predicción out-of-sample (enfoque predictivo).,"Goodness-of-fit (R2, Hausman test, residual analysis) frente a out-of-sample metrics (RMSE, Accuracy, F1-score, bias-variance decomposition).",Imputaciones tradicionales basadas en MAR vs. variables dummy de ausencia para árboles de decisión.,"Demuestra conceptualmente que un método ""insatisfactorio"" para la explicación causal (como las variables indicadoras de ausencia) puede ser excelente y muy robusto para la predicción, y que la ausencia misma puede ser informativa para predecir.","No propone un algoritmo de imputación específico, sino un marco conceptual para guiar la selección de métodos.",Datos de subastas de eBay (parcialmente descritos).,Fundamento filosófico-metodológico que distingue la imputación orientada a la estimación paramétrica insesgada frente a la imputación orientada al rendimiento predictivo aguas abajo.
2011,van Buuren & Groothuis-Oudshoorn (2011),"Medicina, epidemiología, ciencias sociales, economía y análisis de encuestas generales.","Datos multivariados mixtos complejos (numéricos, factores binarios, categóricos ordenados e irregulares).","Boys dataset (9 variables antropométricas/desarrollo), NHANES (4 variables de salud).",Transversales y longitudinales estructurados (multinivel).,MAR (con extensiones manuales paramétricas para MNAR mediante offsets/controles).,"Patrones generales complejos, ausencias continuas y variables con relaciones lógicas estrictas.","mice 2.9 (R package): especificación condicional columna por columna con quickpred, imputación multinivel (2l.norm) e imputación pasiva.",Probabilística (flujo integrado para m imputaciones paralelas).,"Optimización secuencial columna por columna mediante Gibbs sampling univariado local (pmm, norm, logreg, polyreg, polr).","Varianza total T, variabilidad entre/dentro (U, B), fmi, lambda, p-valores de pruebas combinadas de Wald y ratios de verosimilitud.","SOLAS, Hmisc, SAS Proc MI, mice 1.0, mi, Zelig, SPSS Missing Values module.",Entorno unificado extremadamente maduro; maneja interacciones y transformaciones; testeo robusto de modelos anidados (pool.compare).,Fallas de convergencia o singularidades si existen colinealidades perfectas o malas especificaciones de la matriz de predictores.,Código abierto en CRAN (R package 'mice') con documentación paso a paso.,Consolidación industrial de los métodos FCS; estándar de facto para la investigación aplicada moderna con datos faltantes.
2014,Gómez-Carracedo et al. (2014),"Calidad del aire y monitoreo ambiental urbano (A Coruña, España).",Registros de contaminantes gaseosos y material particulado.,"8 variables físicas (NO, NO2, NOx, CO, O3, PM10, PM2.5, PM1).","Datos diarios de años completos (2006, 2009, 2010).","MAR (causado por fallas mecánicas, cortes de energía y calibración).",Tasa de pérdida real compleja (del 4% al 24%) con bloques de voids continuos.,"Listwise deletion, Modified Median (MM), Wise-Walczak (W-W / PCA iterativo), Regularized EM (R-EM), Multiple Imputation (MI).",Puntual y Probabilística (en MI con promedio de 5 simulaciones).,Estimación de verosimilitud en EM y a posteriori en MI.,Carga y puntuaciones de Factor Analysis rotado con Varimax; consistencia ambiental de los factores.,Comparación directa entre los 5 enfoques quimiométricos.,Evalúa el impacto de la imputación en el análisis multivariante de factores posterior (downstream tasks).,No abarca métodos modernos de redes neuronales profundas (solo quimiometría clásica).,N/A.,Demuestra los sesgos de estimadores simples y la consistencia de PCA e EM para el análisis de factores de contaminación.
2015,"Ahmat Zainuri, N., Jemain, A. A., & Muda, N. (2015).",Calidad del aire y monitoreo ambiental (datos de ozono de 8 estaciones de monitoreo en la Península de Malasia).,"Continuos, datos de series temporales organizados en una matriz de dimensiones $n imes p$ (donde las filas representan los días y las columnas representan las 24 horas del día).",1 variable principal (concentración de ozono) estructurada multivariadamente sobre 24 columnas (horas del día).,3 meses de mediciones horarias.,"Missing at Random (MAR), que es el mecanismo típico reportado para fallos de muestreo e instrumental en calidad del aire.","Simulación de datos faltantes eliminados completamente al azar (MCAR/MAR) con porcentajes de ausencia de 5%, 10%, 15%, 20%, 25% y 30%.","Sustitución por la media horaria, sustitución por la mediana horaria, algoritmo de Esperanza-Maximización (EM) basado en distribución normal condicional, Descomposición en Valores Singulares (SVD) con regresión iterativa, K-Vecinos Más Cercanos (KNN) y K-Vecinos Más Cercanos Secuencial (SKNN) donde la imputación se realiza secuencialmente ordenando los días con menor tasa de datos faltantes.",Puntual (proporciona un valor exacto para reemplazar la ausencia).,No aplica para los métodos heurísticos; el algoritmo de SVD y EM utilizan una tolerancia de convergencia basada en un umbral de cambio total de la matriz de 0.01.,"Coeficiente de correlación ($R$), índice de acuerdo ($d$) y error absoluto medio (MAE).",Imputación por la media y por la mediana como baselines de referencia simples; SVD como baseline multivariado intermedio.,"Los métodos EM, KNN y SKNN mostraron consistentemente el mejor desempeño. El algoritmo EM obtuvo el coeficiente de correlación más alto y el menor MAE en la mayoría de las estaciones, recuperando de forma eficiente la estructura estadística.",El reemplazo por la media y la mediana deforma la estructura de la covarianza y reduce drásticamente la variabilidad del conjunto de datos. La mediana fue el peor método en todas las estaciones.,Implementado en R. Los datos de ozono fueron provistos por el Departamento de Medio Ambiente de Malasia.,"Representa la categoría de imputación multivariada tabular para series temporales con estructura cíclica diaria (días x horas), contrastando técnicas heurísticas de vecindad local (KNN/SKNN) frente a estimación paramétrica por máxima verosimilitud (EM)."
2015,"Junger, W. L., & Ponce de Leon, A. (2015). ","Epidemiología ambiental y salud pública (estudio del impacto de la contaminación por partículas PM10 en las admisiones hospitalarias pediátricas por enfermedades respiratorias en São Paulo, Brasil).","Continuos, series de tiempo diarias multivariadas de concentración de contaminantes con fuerte autocorrelación temporal e intercorrelación espacial (estaciones).",10 variables continuas (concentraciones diarias de PM10 de 10 estaciones de monitoreo distribuidas espacialmente).,366 días de datos diarios correspondientes al año 2004.,"Evaluación comparativa simulando mecanismos MCAR, MAR y MNAR.","Proporciones de datos faltantes de 5%, 10%, 20%, 30% y 40% bajo cuatro patrones de gap: disperso (unidades aisladas), en fila (in-row, gaps consecutivos de 3, 5 o 7 días en una estación), en columna (in-column, fallos simultáneos del sistema) y disperso aleatorio combinado (dispersed).","Algoritmo EM multivariante adaptado para series temporales (mtsdi) bajo el supuesto de distribución normal multivariante. Incorpora filtros independientes para estimar el componente del nivel temporal de cada serie (ARIMA, splines cúbicos naturales, o modelos GAM con variables exógenas) e implementa ventanas temporales para capturar múltiples regímenes de covarianza. Adicionalmente, implementa una función de penalización de varianza para reflejar la incertidumbre de la imputación en la inferencia final.",Puntual (los valores diarios imputados) junto a un factor de penalización probabilístico que ajusta los errores estándar del modelo downstream de Poisson.,Verosimilitud de la distribución normal multivariante optimizada interativamente mediante pasos de Expectación (paso E) y Maximización (paso M).,"RMSE, error absoluto medio (MAE), sesgo (BIAS), varianza proporcional (PV), correlación de Pearson ($r$), índice de acuerdo de Willmott ($d2$) y sesgo/desviación de las estimaciones del riesgo relativo (%RR) de salud.","Análisis de casos completos (CC), media incondicional (UM), mediana (MD), vecino más cercano (NN), media condicional por regresión (CM) y algoritmo EM multivariante estándar sin filtro de nivel temporal.",El método propuesto con suavizado por splines de nivel temporal provee una exactitud y precisión óptimas incluso ante pérdidas extremas (40%) y bajo mecanismos MNAR; previene de manera eficaz el sesgo de selección y la subestimación de la varianza en los análisis de salud posteriores a la imputación.,El uso de regímenes de covarianza en ventanas temporales muy cortas (ej. trimestrales) puede generar inestabilidad o problemas de convergencia matemática con filtros ARIMA si la tasa de ausencia es extrema. Los métodos de imputación univariada (UM y MD) distorsionan la variabilidad y deben evitarse.,Implementado en R como el paquete de código abierto mtsdi disponible en CRAN. Datos provistos por CETESB (São Paulo).,Modelo de imputación híbrido (EM multivariado gaussiano combinando filtros de nivel deterministas/estocásticos temporales de splines y ARIMA) estructurado para el modelado de series temporales espaciotemporales continuas.
2015,Miao et al. (2015),"Inferencia econométrica y bioestadística en presencia de no respuesta no ignorable (análisis de gasto ambulatorio, encuestas de ingresos).",Datos tabulares continuos con sesgo de selección extremo.,"Gasto ambulatorio (Outcome Y: log de gasto; Covariables X: ingresos, edad, género, educación, etnia, total de enfermedades crónicas).",N/A.,"MNAR (Missing Not at Random - no respuesta no ignorable, donde la probabilidad de registrar un gasto depende del gasto mismo).",Pérdida unilateral severa en la variable de respuesta Y (~15% y ~25% de valores faltantes).,"Modelado de selección paramétrico (Heckman modificado) mediante mezclas de normales y mezclas de distribuciones t (t-mixture) combinadas con mecanismos de ausencia de tipo Probit, Logistic o Robit, resolviendo la identificabilidad sin requerir variables instrumentales.",Puntual (coeficientes del modelo de regresión e indicadores del mecanismo de selección) y probabilística (distribución predictiva).,Maximización de la verosimilitud observada marginalizada integrada.,"Sesgo de estimación de coeficientes (gamma, alpha, beta), intervalos de confianza del 95% (AIC, logL para selección de modelo).","Modelo normal estándar con mecanismo de selección Probit (Heckman), modelos ignorables (ignoring selection).",Demuestra rigurosamente la identificabilidad de mezclas normales y de t bajo mecanismos de selección no ignorables; el modelo t-mixture ofrece robustez excepcional frente a colas pesadas y multimodabilidad.,El mecanismo de selección Logistic es menos identificable que el Probit (requiere el cumplimiento de condiciones estrictas sobre los coeficientes de las covariables).,Datos de gasto ambulatorio (Cameron & Trivedi).,Identificabilidad teórica e inferencia rigurosa en datos MNAR (Missing Not at Random) mediante modelos de selección de mezclas paramétricas.
2018,"Sun, Qin & Huang (2018)","Epidemiología, medicina conductual e ingeniería de confiabilidad (estudios de demencia CSHA y asilos de ancianos).","Datos de supervivencia continuos multivariantes (tiempo de vida, tiempo de inicio de enfermedad) con truncamiento y censura.","Tiempos continuos de vida, tiempo de truncamiento y covariables clínicas (tipo de demencia).",Tiempos continuos medidos en días o años de seguimiento.,Truncamiento por la izquierda (muestreo sesgado por duración) y censura por la derecha como mecanismos de información faltante.,Truncamiento de sobrevivientes (muertes antes del inicio del estudio no son observadas; número de truncados es desconocido).,Aplicación del Principio de Información Faltante de Orchard & Woodbury para estimación de auto-consistencia del modelo de Cox.,Puntual (hazard acumulado estimado y coeficientes de regresión del modelo de Cox).,"Maximización del nonparametric/semiparametric full likelihood (verosimilitud total) de datos completos con ""fantasmas"" imputados.","Error estándar empírico (SE), media de desviaciones estándar estimadas (SEE), cobertura de confianza (CP) del 95%.","Lynden-Bell clásico, pseudo-partial likelihood (PPL) de Luo & Tsai, verosimilitud condicional estándar (PL) que descarta la distribución de truncamiento.",Mucho más eficiente que los baselines de verosimilitud condicional; propone un test de aleatoriedad (independencia) sumamente potente.,Formulación matemática sumamente avanzada; alta complejidad para implementar en software de análisis de supervivencia general.,Datos de CSHA y scripts de simulación disponibles bajo solicitud.,Generalización teórica de los principios de información faltante al campo del análisis de supervivencia con truncamiento.
2018,"Tompsett, D. M., Leacy, F., Moreno-Betancur, M., Heron, J., & White, I. R. (2018). ",Estudios longitudinales de salud mental y pediatría (análisis de la asociación entre el género y las puntuaciones de coeficiente intelectual - IQ - a los 15 años en la cohorte británica ALSPAC).,"Continuos y categóricos (género binario completo, puntuaciones de IQ estimadas a los 8 y 15 años de edad).","3 variables principales (Gender, IQ8, IQ15) más correspondientes vectores de indicadores binarios de datos faltantes $M = (M8, M{15})$.",Estudio longitudinal con dos visitas de seguimiento espaciadas en años (medición a los 8 y a los 15 años).,Missing Not at Random (MNAR) o no al azar.,"Patrón general no monótono de ausencia en datos longitudinales, con proporciones de ausencia de hasta el 49.6% en IQ8 y 66.2% en IQ15.","Procedimiento de especificación totalmente condicional no al azar (Not-at-Random Fully Conditional Specification - NARFCS). Modifica el algoritmo MICE (FCS) tradicional para incluir los indicadores de ausencia $M$ de los otros atributos como covariables univariadas en cada ecuación del bucle encadenado, incorporando coeficientes inestimables llamados parámetros de sensibilidad condicional (Conditional Sensitivity Parameters - CSP) que definen la diferencia de distribución entre datos faltantes y observados. Propone un método formal para calibrar estos CSPs (muy abstractos para ser elicitados por expertos clínicos) vinculándolos matemáticamente con parámetros de sensibilidad marginales (Marginal Sensitivity Parameters - MSP) más fáciles de elicitar de modelos de mezcla de patrones más sencillos.",Probabilística. Emplea la técnica de Imputación Múltiple (MI) y combina las estimaciones del efecto del tratamiento a través de las reglas de Rubin reflejando de forma precisa la incertidumbre de la imputación.,Mínimos cuadrados y máxima verosimilitud iterativa para la porción estimable de las regresiones condicionales lineales dentro del bucle encadenado MICE.,"Sesgo medio de la estimación del efecto, error estándar empírico (SE) de las simulaciones, tasas de cobertura del intervalo del 95% y valores p de la prueba de significancia.","Imputación por especificación totalmente condicional estándar (FCS/MICE asumiendo MAR), ingresar erróneamente los parámetros marginales MSP directamente como coeficientes condicionales en el algoritmo condicional NARFCS, modelos de mezcla de patrones analíticos tradicionales.",Permite imputar de forma flexible múltiples variables de tipos heterogéneos bajo supuestos MNAR no monótonos con sus distribuciones naturales correspondientes; resuelve la barrera práctica de la elicitación de parámetros condicionales abstractos mediante algoritmos que los asocian con diferencias marginales clínicamente inteligibles para expertos; mejora drásticamente la robustez de los análisis de sensibilidad.,"Si se ignora el carácter condicional del parámetro CSP de NARFCS y se ingresa el valor marginal MSP de manera directa, se induce un sesgo de estimación severo y una pérdida catastrófica de cobertura (cae del 95% nominal a niveles de hasta el 49.3%) en el análisis downstream. Los algoritmos de calibración iterativos pueden ser computacionalmente exigentes en muestras gigantescas.",Desarrollado como un paquete de R e integración de mice llamada NARFCS disponible públicamente en GitHub. Datos de la cohorte longitudinal británica ALSPAC.,Imputación multivariada no monótona bajo supuestos MNAR basada en MICE modificado (unidades condicionales encadenadas con indicadores de ausencia como regresores) y calibración sistemática de análisis de sensibilidad (CSPs vs MSPs).
2018,Zakaria & Noor (2018),Contaminación del aire en zonas urbanas de Malasia.,Series temporales de concentraciones de contaminantes.,Multivariante.,Registros continuos.,MAR/MCAR.,"Porcentajes simulados de valores perdidos (5%, 10%, 15%, 20%).","Comparación de MTB (Mean Top Bottom), NN (Nearest Neighbor), LR (Linear Regression), y MI (Multiple Imputation).",Puntual.,N/A.,"MAE, RMSE, R2, d2.","MTB, NN, LR, MI.",MTB ofrece excelentes resultados cuando la tasa de pérdida es muy baja (<10%).,La regresión lineal e imputaciones de promedios degradan la varianza real y muestran un rendimiento extremadamente bajo.,Datos de contaminación urbana de Malasia.,Evaluación empírica de técnicas de imputación simples vs. múltiples en bases de datos ambientales con baja tasa de ausencia.
2019,"Mattei, P.-A., & Frellsen, J. (2019). ","Aprendizaje profundo, inteligencia artificial y visión por computadora (binarización estática de MNIST y múltiples bases de datos continuas y complejas de UCI como Banknote, Breast, Concrete, Red, White, Yeast).",Tabulares e imágenes complejos binarios y continuos de alta dimensión.,"Alta dimensión (ej. 784 variables/píxeles en MNIST, múltiples atributos financieros en UCI).",No aplica (datos transversales o estáticos).,Missing at Random (MAR).,Gaps aleatorios uniformes correspondientes al 50% de las variables u oclusiones del 50% de los píxeles de las imágenes.,"MIWAE (Missing data Importance-Weighted Autoencoder). Es una técnica de entrenamiento de Modelos de Variables Latentes Profundas (DLVM) basada en el autocodificador ponderado por importancia (IWAE). Maximiza un límite inferior potencialmente estrecho de la verosimilitud observada utilizando una red de inferencia (encoder) alimentada por una imputación inicial naif de ceros de los datos faltantes y aproximación de importancia estocástica con $K$ pesos. Para la imputación, introduce un estimador de importancia estocástica no iterativo para estimar los momentos de las variables faltantes (single imputation) y un enfoque de remuestreo (sampling importance resampling) para imputación múltiple.",Mixta. Permite imputación puntual (single imputation estimando la media condicional $E[xm | xo]$) o probabilística multivariada (multiple imputation extrayendo muestras independientes aproximadas de la distribución condicional real $p(xm | xo)$).,"Límite inferior MIWAE (que extiende a MVAE cuando $K=1$), optimizado estocásticamente usando el optimizador Adam.","Log-verosimilitud del conjunto de prueba estimada mediante muestreo de importancia, error cuadrático medio (MSE) de imputación, exactitud y entropía cruzada en tareas de clasificación downstream del conjunto imputado.","missForest (bosques aleatorios no paramétricos), VAE regular entrenado en datos completos, MVAE (VAE de datos faltantes, $K=1$), PCA bayesiano, kNN, Imputación por la media.","Es computacionalmente muy eficiente y escalable para grandes conjuntos de datos y entrenamiento por lotes (online learning); no requiere un encoder complejo adaptado sino que la exactitud de la imputación naif inicial de ceros tiene poco efecto en el rendimiento gracias a las propiedades de consistencia de los pesos con $K \geq 50$; supera holgadamente a missForest, PCA y kNN tanto en la precisión de la imputación como en la clasificación posterior.",El modelo asume estrictamente que los datos son MAR; no es aplicable directamente a datos MNAR sin modelar de forma explícita la forma paramétrica del mecanismo de no respuesta. El estimador de gradiente de camino de derivada (pathway derivative) puede ser inestable en variables continuas.,Implementado en Python y TensorFlow Probability. Código y datos disponibles públicamente en repositorios de GitHub.,Modelado generativo profundo no lineal (DLVM / autocodificadores variacionales ponderados por importancia) optimizado directamente sobre datos faltantes MAR e imputación probabilística rápida mediante muestreo de importancia.
2019,"Shaadan, N., & Rahim, N. A. M. (2019). ","Calidad del aire y series temporales (concentración de partículas PM10 en la estación de monitoreo de Shah Alam, Selangor, Malasia).","Continuos, series temporales univariantes de intervalos de tiempo constantes (datos horarios de PM10).",1 variable continua (PM10) analizada univariadamente de manera directa.,"Series de tiempo horarias de 4 meses de duración (junio a septiembre de 2015), de la cual se extrajo una submuestra continua de 1009 observaciones (42 días de datos horarios) para servir de benchmark de validación.",Missing Completely at Random (MCAR) (confirmado empíricamente mediante pruebas estadísticas de hipótesis en la fase preliminar).,"Gaps simulados de datos ausentes de forma aleatoria con porcentajes de ausencia de 5%, 10% y 15% mediante simulación con 200 réplicas independientes de patrones de faltantes.","Interpolación Lineal (M1), Interpolación Spline (M2), Promedio Móvil Exponencial (EMA - M3), Reemplazo Aleatorio Uniforme (M4), Filtro de Kalman con modelo ARIMA (M5) y Método de la Media Anterior-Posterior (Mean Before and After - M6).",Puntual (los valores diarios imputados horariamente).,No aplica directamente (métodos matemáticos analíticos y recursivos implementados en R).,"RMSE, error absoluto medio (MAE), coeficiente de determinación ($R^2$) e índice de acuerdo de Willmott ($d$).",Imputación aleatoria simple (M4) e interpolación lineal (M1).,El Filtro de Kalman con modelo ARIMA (M5) superó de manera consistente al resto de los métodos evaluados al tener el menor error general (RMSE y MAE) y mayor relación de correspondencia ($R^2$) e índice de acuerdo en casi todos los niveles de ausencia; la interpolación lineal también mostró un excelente índice de acuerdo.,La imputación aleatoria (M4) tiene un desempeño pésimo y debe descartarse ya que introduce una enorme distorsión y variabilidad de error en los datos; las conclusiones y el mejor método identificado no se pueden generalizar directamente a otras estaciones de Malasia debido a que las series de tiempo están influenciadas por características geográficas e interacciones meteorológicas locales que deben modelarse por separado.,Implementado en R. Datos de PM10 de Shah Alam facilitados por el Departamento de Medio Ambiente (DOE) de Malasia.,"Evaluación cuantitativa sistemática de técnicas univariantes para series de tiempo continuas (PM10), comparando interpolaciones deterministas básicas con promedios móviles y estimadores recursivos en el espacio de estados (Kalman-ARIMA) bajo MCAR."
2019,"Uechi, L., Galas, D. J., & Sakhanenko, N. A. (2019).","Biología de sistemas, genómica compleja y análisis biomédico (ej. análisis de dependencias espaciales o interacciones en secuencias genómicas de SNPs, expresión de genes, niveles de RNA, patrones de fenotipos y registros médicos).",Categóricos y continuos discretizados de forma no paramétrica.,"Multivariados (análisis de pares de variables en mutual information, tríos de variables en interaction information y generalización a $n$ variables).",No aplica (estudio transversal o estático de dependencias multidimensionales).,Missing Completely at Random (MCAR) (tratado de forma enteramente no paramétrica libre de modelo).,"Porcentajes de datos faltantes introducidos al azar de 0%, 5%, 10%, 15% y 20% sobre las variables.","Marco de teoría de la información basado en el modelado de canales de comunicación ruidosos (noisy communication channels). Considera las interacciones o dependencias como canales y el dato faltante como ruido o error de transmisión que degrada la capacidad del canal. Define una función de confiabilidad (Reliability Function - $De$) expresada en términos del índice de error de transmisión ($e$) de los datos faltantes que cuantifica el límite máximo de información que se puede extraer, permitiendo evaluar directamente la robustez de las interacciones multivariadas sin realizar imputaciones ni eliminar muestras.",Informativa. Produce una medida de confiabilidad normalizada ($de$) de valor entre 0 y 1 para sopesar y calificar la significancia del nivel de dependencia obtenido.,No aplica (enfoque algebraico analítico directo y no paramétrico basado en el cálculo de frecuencias y entropías de Shannon).,Puntuación de significancia de dependencias multivariadas (z-score) y valor de la función de confiabilidad normalizada ($de$).,"Omisión de datos ausentes al calcular individualmente cada término de entropía (pairwise omission), eliminación de muestras con datos faltantes (listwise deletion), imputación por valores fijos (0 o 1) o por reemplazo aleatorio uniforme.","Es completamente libre de modelo (model-free), de modo que no requiere formular supuestos de distribuciones de probabilidad previas; previene los sesgos y falsos positivos introducidos por imputaciones arbitrarias o inferencias con prioris incorrectas; y evita la pérdida de información útil que ocurre al descartar muestras de la base de datos.","La función de confiabilidad evalúa el nivel de señal erosionada y previene falsas interpretaciones, pero no calcula ni rellena los valores faltantes en sí. Su generalización a métodos de regresión estándar es compleja.","Probado en datos simulados sintéticos de variables discretas independientes con dependencias complejas (OR, AND, XOR). Sin código adjunto listado.","Análisis no paramétrico basado en la teoría de la información (entropías, mutual e interaction information) para caracterizar de forma rigurosa la pérdida de señal debido a datos faltantes (MCAR), modelando el dato faltante como ruido de capacidad en canales de comunicación."
2019,"Zaki, C., Ayet, M., & Soussi, A. B. (2019).","Sistemas de Información Geográfica (SIG) urbanos y modelado conceptual espaciotemporal tridimensional (p. ej. modelado de edificios, puentes, estacionamientos multinivel y antenas urbanas).","Espaciales, temporales y estructurales integrados de tres dimensiones (puntos, líneas, áreas extruidas y conjuntos multiformes en 2.5D, 2.75D y 3D).","Atributos espaciales geométricos (forma, coordenadas tridimensionales de posición y altura) y temporales (historia de evolución y eventos) de los objetos geográficos.","No aplica directamente a la imputación. Administra y representa de forma continua el historial de cambios, evoluciones multirrepresentacionales y eventos geográficos.",No aplica (el artículo trata sobre modelado conceptual arquitectónico de bases de datos geográficas 3D y no sobre imputación de datos faltantes numéricos).,No aplica.,"Extensión y mejora del modelo de datos conceptual espaciotemporal MADS (Modèle Conceptuel Spatio-Temporel) mediante la introducción de una jerarquía de nuevos tipos geométricos en 3D (puntos, líneas y áreas extruidas, bolsas de objetos complejos 3D) y nuevos pictogramas visuales que enriquecen el modelado relacional-objeto del universo urbano tridimensional conservando la ortogonalidad entre dimensiones.",Puntual (diagramas de modelado de clases espaciales que especifican exactamente el tipo geométrico tridimensional de los objetos).,No aplica (es un proceso de diseño de bases de datos mediante diagramas entidad-asociación y lógica de clases).,Expresividad y riqueza semántica del modelado para representar de forma exacta objetos urbanos complejos que tienen volumen en comparación con representaciones planas de 2D.,"Modelo MADS estándar en dos dimensiones (2D), modelo conceptual Perceptory.","Permite a los diseñadores estructurar de forma clara y unificada bases de datos geográficas complejas que integran de manera nativa la altura y volumen de las estructuras (ej. puentes, helipuertos, estacionamientos subterráneos) sin perder la capacidad de registrar la historia temporal o múltiples representaciones en MADS.","La implementación de los nuevos tipos 3D propuestos no está estandarizada en los motores de bases de datos relacionales del mercado, requiriendo su mapeo a bases de datos orientadas a objetos específicas (como db4o).","Pruebas de persistencia en Java usando bases de datos db4o, y adaptaciones con estándares BPMN v2.0.1.",Especificación conceptual estructurada de dimensiones geométricas en 3D y su evolución temporal (MADS) para la estructuración y consistencia semántica de bases de datos de información urbana compleja.
2019,Kingma & Welling (2019),"Modelado generativo probabilístico de propósito general (calidad de imágenes, texto, semi-supervisión).","Datos continuos o binarios de alta dimensionalidad (MNIST, CIFAR-10, etc.).",Multivariante de alta dimensión.,N/A.,MAR (en el contexto de inferencia con variables latentes no observadas y datos faltantes semi-supervisados).,N/A (formulación conceptual).,VAE (Variational Autoencoder) y extensiones como IAF (Inverse Autoregressive Flow). Utiliza un codificador (red de inferencia q_phi(z|x)) y un decodificador p_theta(x|z) parametrizados por redes neuronales profundas y optimizados conjuntamente mediante SGD con el truco de reparametrización.,Probabilística (aproximación de la densidad completa p(x) y posterior q(z|x)).,Maximización del ELBO (Evidence Lower Bound): reduce el error de reconstrucción (pérdida de verosimilitud) y penaliza la divergencia Kullback-Leibler entre q(z|x) y el prior p(z).,"Log-likelihood (marginal), ELBO, reconstrucción MSE/Cross-entropy.","Wake-Sleep algorithm, Autoencoders lineales (PCA), modelos de variables latentes con MCMC clásico, score function estimators (REINFORCE).",Inferencia amortizada extremadamente eficiente; permite modelar distribuciones no lineales de alta complejidad y generar nuevos datos realistas de forma rápida.,Propensión al colapso de componentes latentes (KL vanishing) al inicio del entrenamiento; requiere ajustes del peso de la divergencia KL (KL annealing o free bits).,"Implementaciones estándar en Tensorflow, PyTorch y repositorios de referencia de los autores.",Fundamento teórico principal de los modelos generativos basados en Variational Autoencoders (VAEs) e inferencia amortizada.
2020,"Afrifa-Yamoah, E., Mueller, U. A., S. M. Taylor, & Fisher, A. J. (2020). ",Climatología y meteorología. Imputación de variables de estaciones climáticas para alimentar modelos de estimación del uso de cámaras remotas en la evaluación de la pesca recreativa de botes.,"Continuos, series temporales climáticas univariantes de alta resolución (registros horarios).","3 variables de respuesta principales (temperatura, humedad, velocidad del viento), más múltiples covariables usadas como predictores en el modelo de regresión (precipitación, dirección del viento transformada mediante seno y coseno, presión a nivel del mar).",Series temporales de 12 meses de duración (del 1 de marzo de 2011 al 29 de febrero de 2012).,Missing at Random (MAR) o datos faltantes al azar.,"Gaps artificiales consecutivos de datos faltantes que imitan los patrones reales de fallos instrumentales, evaluados mediante validación cruzada de 5 pliegues (5-fold cross-validation) con una proporción fija del 10% de datos ausentes.","Modelo de serie temporal estructural (Structural Time Series Model) con suavizado de Kalman, modelo autorregresivo integrado de promedio móvil (ARIMA) con suavizado de Kalman, y regresión lineal múltiple con errores estándar robustos a heterocedasticidad y autocorrelación (HAC).",Puntual (genera valores específicos estimados para imputar los gaps).,No aplica directamente (se optimiza mediante estimación por máxima verosimilitud de los parámetros del espacio de estados y estimación por mínimos cuadrados ordinarios para la regresión).,"Error absoluto medio agrupado (pooled MAE), raíz del error cuadrático medio (RMSE) y error porcentual absoluto medio simétrico (SMAPE).","Comparación de rendimiento mutuo entre los tres métodos evaluados (ARIMA con Kalman, estructural con Kalman, y regresión lineal). Menciona baselines históricos de la literatura como imputación por la media incondicional, algoritmo EM regularizado, spline cúbico, redes neuronales artificiales, etc.","El modelo de regresión lineal múltiple demostró el mejor rendimiento general en zonas donde las variables climáticas están altamente correlacionadas. ARIMA con suavizado de Kalman compite muy de cerca y tiene la ventaja de ser un modelo univariante independiente de otras variables, ideal para escenarios de escasez de datos.",La regresión lineal múltiple no se puede aplicar en ausencia de variables predictoras o cuando la correlación entre ellas es muy débil (como en la región tropical de Broome). El modelo temporal estructural tuvo un rendimiento subóptimo debido a que las submuestras eran cortas y no capturaban la complejidad de las tendencias y estacionalidades de largo plazo.,"Implementado en R (versión 3.5.1) utilizando el paquete de imputación de series temporales ""imputeTS"" (versión 2.7) con las funciones StructTS y auto.arima. Los datos climáticos provienen de la Oficina de Meteorología del Gobierno de Australia.",Esencial para la clasificación de métodos de series temporales univariantes en el espacio de estados (suavizado de Kalman) frente a enfoques multivariados de regresión con dependencias temporales y geográficas bajo el supuesto de MAR.
2020,Hadeed et al. (2020),Exposición ambiental de salud pública (monitoreo de PM2.5 en el exterior de 20 hogares rurales en Arizona).,Series de tiempo de alta frecuencia (intervalos de 1 minuto) sobre un periodo corto.,"1-minute PM2.5, temperatura, humedad relativa, ubicación geográfica, tipo de combustible.","24 horas (1,440 mediciones de 1 minuto por hogar).",MAR (falla de energía eléctrica) y MNAR (malfuncionamiento del monitor debido a altas temperaturas o saturación de filtros).,"Pérdidas consecutivas simuladas (bloques continuos simulando apagado temprano del monitor) del 20%, 40%, 60% y 80%.","Comparación de métodos univariados (Mean, Median, LOCF, Random, Markov de primer orden, Filtros de Kalman en ARIMA) frente a multivariados (Predictive Mean Matching - PMM, Row Mean Method - RMM).",Puntual.,N/A.,"Absolute Bias (AB), Percent Absolute Error in Means (PAEM), R2, Root Mean Square Error (RMSE), Mean Absolute Error (MAE) evaluados minuto a minuto y a nivel diario de 24h.",Métodos univariados y multivariados estándar.,"Primer estudio de contaminación a corto plazo; demuestra que los métodos univariados (Markov, Random, Mean) son superiores y más estables que los de otros sitios cuando no hay datos históricos.",No evalúa modelos de aprendizaje profundo; la falta de datos multianuales restringe el modelado de tendencias estacionales a largo plazo.,Dataset pDR-1500 de 20 hogares en Arizona.,Evaluación empírica de técnicas de imputación simples vs. múltiples en bases de datos ambientales.
2020,Melendez et al. (2020),"Calidad del aire y monitoreo de partículas (concentraciones diarias de PM10 en 7 estaciones de La Guajira, Colombia).",Datos funcionales de calidad del aire (curvas diarias continuas de concentración de PM10).,7 estaciones de monitoreo equipadas con equipos Hi-Vol.,Registros diarios modelados como datos funcionales continuos.,"MAR/MCAR (fallas mecánicas del muestreador, mantenimiento de rutina o errores de registro humano).",Gaps en intervalos diarios específicos y detección de curvas/estaciones atípicas completas.,"FPCA (Análisis de Componentes Principales Funcionales), y algoritmos basados en ACPP (Análisis Probabilístico de Componentes Principales) y ACPB (Análisis de Componentes Principales Bayesiano) para estimar valores perdidos sobre trayectorias continuas. Detección de atípicos con diagramas de caja funcionales de mayor densidad regional (HDR).",Probabilística/Puntual (trayectorias estimadas y sus intervalos de confianza de varianza explicada).,Maximización de la varianza explicada acumulada bajo las primeras L componentes funcionales.,"Fracción de la varianza explicada, diagramas de caja funcionales HDR, visualización de trayectorias.","""Mean top bottom"" (imputación por la media de extremos), k-vecinos en espacio funcional.",Capaz de imputar intervalos faltantes extensos respetando la dinámica funcional continua y la correlación compartida entre estaciones de la red.,Sensible al número L de componentes funcionales seleccionados.,Datos de PM10 de La Guajira.,Análisis de Datos Funcionales (ADF) y Componentes Principales Funcionales para la reconstrucción de curvas de sensores continuas.
2020,Rasheed et al. (2020),"Digital Twins (gemelos digitales) en ingeniería, física, salud, meteorología e industria.",Datos masivos multivariantes y continuos de sensores físicos e IoT.,"Alta dimensionalidad (varía según la aplicación, ej. modelos climáticos o motores de turbina).",Series de tiempo de alta frecuencia continuas e irregulares.,"MAR, MCAR, MNAR (fallas mecánicas de sensores, pérdidas en transmisión inalámbrica).","Pérdidas aleatorias, continuas o catastróficas (blackouts).","Revisión de métodos basados en autoencoders profundos, GANs, LSTMs, y modelos híbridos que combinan ecuaciones físicas con machine learning (DeepMoD). Técnicas de asimilación de datos (Filtros de Kalman, Filtros de Partículas, 4D-Var).",Puntual (imputación física o de ML) y probabilística (filtros bayesianos).,Pérdidas híbridas (datos + regularización física basada en ecuaciones diferenciales ordinarias/parciales).,"MSE, RMSE, R2, MAE.","Modelos puramente basados en física, modelos puramente de machine learning (Lasso, Ridge, Elastic-Net, KNN, SVD).","Los modelos híbridos permiten recuperar estructuras físicas ocultas y garantizar consistencia física; las arquitecturas profundas (autoencoders, LSTM) capturan patrones espacio-temporales altamente complejos.","Los modelos físicos requieren calibración costosa en recursos; el entrenamiento de gemelos digitales profundos exige masivos recursos de cómputo y almacenamiento (Hadoop/Spark, AWS).","N/A (revisión general con múltiples referencias, ej. FarmBeats, SPHERE).",Gemelos digitales e imputación guiada por física (physics-informed imputation) y asimilación secuencial de datos.
2020,Wijesekara & Wijesekara (2020),"Calidad del aire (contaminantes medidos por hora en la estación de Liverpool, región de Sydney, de 1994 a 2018).","Series temporales de contaminantes atmosféricos (PM2.5, CO, etc.).",Multivariante.,Largo plazo (1994 a 2018).,"MCAR (simulación basada en que las pérdidas son casi aleatorias a lo largo del tiempo, salvo los primeros años).",Pérdida aleatoria.,Modelado de series de tiempo estructurales (Structural Time Series Models) representados en formato espacio-estado con vectores de transición de Markov (Filtro de Kalman).,Puntual.,Maximización de la verosimilitud de las observaciones espacio-estado.,"MSE, R2, d (Index of Agreement).","Modelos autorregresivos estándar, imputación lineal, imputeTS de R.","Modela explícitamente los componentes de tendencia, estacionalidad y perturbaciones aleatorias de las series mediante el formato espacio-estado; robusto para series con variaciones de largo plazo.",El modelado espacio-estado puede ser muy sensible a la especificación de las matrices de covarianza de las perturbaciones.,Datos de contaminantes de Sydney (1994-2018).,Modelado probabilístico espacio-estado y filtros de Kalman longitudinales para series temporales ambientales de largo plazo.
2021,Tashiro et al. (2021) [CSDI],"General (Healthcare, Calidad del Aire, Energía, Tráfico, Wikipedia).",Series temporales multivariantes continuas e irregulares.,"PhysioNet (35 variables), Beijing (36 variables).","PhysioNet (48 pasos), Beijing (36 pasos) a nivel horario.",MCAR (PhysioNet) y MAR (Beijing - patrones estructurados).,"Random strategy, Historical, Mix (random + historical) y Test pattern (forecasting).",CSDI (Conditional Score-based Diffusion Model) con mecanismo de Atención 2D (temporal + features).,Probabilística (muestreo de 100 estimaciones para simular la distribución).,"Denoising score matching (pérdida L2 sobre el ruido añadido, enmascarada).","CRPS (Continuous Ranked Probability Score), MAE, RMSE, NLL, MSE.","Multitask GP, GP-VAE, V-RIN, BRITS, GLIMA, RDIS, Latent ODE, mTANs, GP-copula, TransMAF, TLAE, TimeGrad.",Primer modelo de difusión condicional para series de tiempo; excelente modelado de incertidumbre y correlaciones cruzadas.,Inferencia muy lenta debido al proceso iterativo de reversión de difusión (50 pasos de difusión).,Abierto en GitHub: https://github.com/ts_diffusion/CSDI,Representante principal del enfoque generativo de difusión condicional en series temporales.
2021,Hu et al. (2021) [LoRA],Procesamiento de Lenguaje Natural (Adaptación de Grandes Modelos de Lenguaje).,"Datos de texto en lenguaje natural (GLUE, WikiSQL, SAMSum, NLG).","N/A (Parámetros del Transformer: dmodel, dffn, etc.).",N/A (Secuencias de texto de 128 a 2048 tokens).,N/A.,N/A.,LoRA (Low-Rank Adaptation): inyecta matrices de bajo rango BA en paralelo a las proyecciones de atención.,Puntual (logits y distribuciones de probabilidad discretas).,Maximización de la probabilidad condicional de modelado de lenguaje (Cross-Entropy).,"Accuracy, CoLA (Matthew's), STS-B (Pearson), BLEU, NIST, METEOR, ROUGE-L, CIDEr.","Full Fine-Tuning (FT), FTTop2, BitFit, Prefix-Embedding Tuning, Prefix-Layer Tuning, AdapterH, AdapterL.","Reduce parámetros entrenables 10,000x; sin latencia de inferencia (matrices fusionables); alta eficiencia de almacenamiento.",Dificultad de procesamiento por lotes para diferentes adaptadores simultáneos si no se fusionan.,Abierto en GitHub: https://github.com/microsoft/LoRA,Principio teórico de adaptaciones de bajo rango; inspira el diseño de backbones con bajo rango intrínseco.
2021,Alahamade et al. (2021),Calidad del aire y monitoreo de la contaminación en el Reino Unido.,Series temporales multivariantes horarias de contaminantes ambientales.,"4 variables continuas principales (O3, NO2, PM2.5, PM10).","Año 2018 completo (muestreos horarios, ej. 167 estaciones * 365 días).",MAR (valores perdidos por fallas imprevistas de sensores o falta de medición).,Missing time series (completas) para estaciones específicas.,"k-means/k-medoids con distancia fusionada espacial-temporal (fused distance). Modelos de imputación por similitud geográfica y temporal (CA, CA+ENV, CA+REG, 1NN, 2NN, Median).",Puntual.,N/A (Algoritmos no supervisados de clustering / k-means).,"FAC2 (fracción de predicciones dentro de un factor de 2), MB (sesgo medio), NMB, RMSE, R, IOA (Index of Agreement).","1NN (Vecino más cercano geográfico), 2NN, Median, CA (Clustering de afinidad espacial).",Permite imputar series completas incluso cuando no hay mediciones de un contaminante gracias al clustering multivariante y la correlación geográfica.,Presenta sesgo positivo en concentraciones altas (ej. modelo 1NN). Depende de la densidad de la red de monitoreo geográfico.,Código y datos disponibles públicamente en: https://github.com/Wedad-O-A/Modelled-concentrations-/tree/v3.5.2 y Zenodo (10.5281/zenodo.5602618).,Clustering espacial y temporal integrado en imputación de series de tiempo ambientales; destaca la red de monitoreo como soporte mulivariante.
2021,Emmanuel et al. (2021),"Revisión sistemática general de machine learning (salud, medio ambiente, finanzas, meteorología) y experimentos con Iris e ID Fan.",Datos tabulares estáticos y series temporales de sensores industriales (ID Fan).,"Iris (4 variables), ID Fan (vibraciones, temperaturas de rodamientos y motores en FNDE, FDE, MNDE, MDE).","ID Fan (lecturas registradas cada 4 horas durante el mes de febrero de 2021, 150 instancias).","MCAR, MAR, MNAR.",Simulación de pérdida tipo MCAR a tasas de 10% y 15% (Iris y vibraciones de ID Fan).,"Revisión de Deletion (pairwise/listwise), Imputación simple (Mean, Mode), Regresión, Expectation-Maximization (EM), kNN (CVBkNN, CKNNI), Decision Trees, missForest, y Stacking Ensembles (MIE). Evaluación de KNN vs. Random Forest (RF).",Puntual.,N/A (Algoritmos no supervisados y basados en árboles/árboles aleatorios).,"MAE, MSE, RMSE, AUC.","KNN, Random Forest, Mean.","Proporciona una taxonomía exhaustiva de patrones (univariante, monótono, no monótono) y mecanismos; concluye que el rendimiento depende estrictamente del tipo de datos.",La mayoría de los trabajos revisados usan conjuntos de datos pequeños en lugar de big data con dimensiones masivas.,Iris e ID Fan datasets utilizados en la evaluación empírica.,Revisión metodológica exhaustiva de la literatura clásica y moderna de machine learning para datos faltantes.
2021,Ghalebikesabi et al. (2021),"General (Adult, Letter, Wine, Breast, Credit, Spam).",Datos multivariados (tabulares y continuos/categóricos).,Variables estándar de UCI.,N/A.,"MCAR y MNAR (mecanismo no ignorable, ej. autoenmascaramiento cuando la variable supera la mediana).",20% y 80% de tasa de pérdida sintética MCAR y MNAR.,PSMVAE (Pattern-Set Mixture Variational Autoencoder). Utiliza variables latentes categóricas y continuas basadas en el modelo de mezcla de patrones de Little (1993) para agrupar patrones de ausencia y modelar mecanismos MNAR con supervisión semi-probabilística.,"Probabilística (con estimación de la media condicional mediante importancia de muestreo K=10,000).",ELBO modificado que incluye un término ponderado por un factor de confianza pi.,RMSE con desviación estándar sobre 5 semillas.,"VAE básico, DLGM, HIVAE, MIWAE, not-MIWAE, GAIN, MICE, MissForest, Mean.",Capacidad única de clusterizar la población en grupos con mecanismos de ausencia similares; robustez ante la especificación errónea del modelo de ausencia; evita sobreajuste en tasas de pérdida muy altas (80%).,"El cálculo del promedio de importancia (K=10,000) durante la inferencia es costoso.",Código disponible en https://github.com/sghalebikesabi/PSMVAE,Modelos generativos profundos basados en variables latentes y mezclas de patrones de ausencia para datos MNAR (no ignorables).
2021,Ipsen et al. (2021),"Censura en bases de datos (Banknote, Concrete, Red, White, Yeast, Breast), recorte en imágenes (SVHN) y recomendación con sesgo de selección (Yahoo! Ratings).","Datos tabulares continuos (UCI), imágenes y calificaciones discretas.","Varía por base de datos (p. ej. SVHN 32x32 píxeles, Yeast 8 variables).",N/A.,"MNAR (mecanismo de ausencia dependiente de los propios datos no observados, ej. auto-enmascaramiento de valores mayores a la media).",Auto-enmascaramiento (self-masking) y censura de variables.,not-MIWAE (not-Missing Importance-Weighted Autoencoder). Modela de forma conjunta la distribución de los datos p(x) mediante un DLVM y la probabilidad de ausencia p(s|x) con una red neuronal flexible. Usa el truco de reparametrización tanto en el espacio latente z como en el espacio de datos xm.,Probabilística (con muestreo de importancia para estimar la media de imputación).,L_K (cota inferior basada en el promedio de importancia K sobre el espacio latente y de datos).,"RMSE de imputación, Test log-likelihood (Ltest 10000) en conjunto completamente observado, mask classification accuracy.","PPCA, MIWAE, not-MIWAE-PPCA agnostic/self-masking, Low-rank joint model (Sportisse et al.), missForest, MICE, mean.",Proporciona un marco matemático robusto para datos MNAR sin necesidad de variables instrumentales o restricciones de exclusión; la inclusión del modelo de máscara mejora drásticamente el RMSE de imputación.,"Existe un trade-off crítico entre la flexibilidad del modelo de datos y el modelo de máscara; si ambos son muy complejos, el rendimiento puede degradarse debido a problemas de identificabilidad.",https://github.com/nbip/notMIWAE,"Modelado probabilístico conjunto p(x, s) bajo mecanismos MNAR mediante variables latentes e importancia ponderada."
2021,Kim et al. (2021),Diagnóstico médico de pacientes (PhysioNet Challenge 2012 para mortalidad en la UCI) y predicciones de series temporales.,Series temporales multivariantes de alta dimensionalidad y altamente faltantes.,PhysioNet (35 variables clínicas tras excluir datos demográficos).,Secuencias de 48 horas agrupadas a intervalos horarios (T=48).,MCAR y MAR con alta tasa de pérdida (80.5% nativo).,Caída aleatoria adicional de variables observadas (dropping mechanism con tasas adicionales de corrupción alfa) para entrenamiento de reconstrucción.,"End-to-end model con mecanismo de compuertas (Gating mechanism) y dropping. Compuesto por un Generador (GRU con decaimiento temporal en los estados ocultos y entradas basándose en delta de tiempo), un Discriminador (GAN para distinguir datos reales de imputados por elemento) y un Gated Classifier conjunto.",Puntual (para imputaciones) y distribución probabilística discreta (Softmax para clasificación de mortalidad).,Pérdida combinada del generador: LG = L_reconstrucción (L2 con máscara) + beta * L_adversarial (D clasifica como real) + L_clasificación (Cross-Entropy).,"Imputación: MSE, MAE. Clasificación aguas abajo: AUC (Area Under ROC).","Zero imputation, Mean imputation, LOCF, GRU-D, GRUI, E2GAN, BRITS.",El clasificador guiado y el generador se entrenan de forma conjunta; el dropping y el gating reducen drásticamente el ruido de las observaciones crudas; logra rendimiento del estado del arte en la predicción de mortalidad (AUC 0.8649).,El entrenamiento GAN es inherentemente inestable y sensible a la sintonización de beta; el dropping dinámico añade carga de entrenamiento.,Dataset público de PhysioNet Challenge 2012.,Aprendizaje conjunto de extremo a extremo de imputación y tareas predictivas (clasificación de mortalidad) con mecanismos GAN de regularización.
2021,Zhou et al. (2021),"Calidad del aire y monitoreo de la contaminación en múltiples estaciones (AQM en Changzhou, China: Zhonglou, Xinbei, Wujin, etc.).","Series de tiempo de contaminación ambiental (PM2.5, PM10, SO2, NO2, CO, O3) distribuidas geográficamente.",Multivariante y espacial (múltiples estaciones participantes).,Registros horarios continuos.,"MAR (datos perdidos por fallas en sensores locales, cortes de energía eléctrica en estaciones específicas).","Missing rates del 10%, 20%, 30%, 40%.","FCGAI (Federated Conditional Generative Adversarial Imputation). Implementa una arquitectura cliente-servidor para entrenar un modelo de imputación CGAN de forma federada (sin compartir las bases de datos locales por privacidad). Incorpora la distancia de Wasserstein con penalización de gradiente (WGAN-GP) para evitar el colapso de modo, y el truco de ""Hint mask"".",Puntual/Probabilística.,LD (pérdida del discriminador Wasserstein con GP) + LG (pérdida del generador: LG_WGAN + alpha * L_MSE para reconstrucción de elementos observados).,RMSE tras normalización.,"EM (Expectation-Maximization), MICE, GAIN (reproducido), kNN, Mean, Median.",Preserva rigurosamente la privacidad de los datos locales de cada estación ambiental; soluciona de forma efectiva el colapso de modo y la inestabilidad de las redes GAN mediante el uso de Wasserstein distance y penalizaciones de gradiente.,Requiere comunicación y sincronización periódica entre las estaciones clientes y el servidor de agregación (Federated Averaging).,"Datos reales de Changzhou, China.",Modelado generativo distribuido (Federated Learning) y redes adversariales estables (WGAN-GP) con protección de privacidad.
2022,Chen et al. (2022),"Calidad del aire (concentración de PM2.5 en Lanzhou: LH, YZ, BPI).",Series temporales de calidad de aire con atributos correlacionados.,Multivariante (PM2.5 y otros contaminantes como atributos objetivo).,"Corto plazo (Marzo 2019, Abril-Junio 2019) y largo plazo (Julio-Diciembre 2019, Año completo).",MAR/MCAR.,"Pérdida aleatoria de concentraciones con tasas de missingness del 5%, 10%, 20%, 40%.","FTLRI (First Five & Last Three Logistic Regression Imputation). Selecciona 8 puntos temporales altamente relevantes (5 anteriores, 3 posteriores) usando correlación de Pearson (r >= 0.6) y ventana deslizante para entrenar un modelo de regresión logística.",Puntual.,Average log-likelihood loss (regresión logística) optimizado por el método de Newton.,"MAE (Mean Absolute Error), RMSE, MAPE.","KNN (k=8), Random Forest, Logistic Regression por defecto, Dynamic Imputation (Adam, 500 epochs).",No requiere todo el dataset para imputar un punto específico; entrena rápido basándose solo en los 8 vecinos temporales y atributos más correlacionados.,Requiere eliminar previamente todos los datos con valores faltantes para el entrenamiento inicial; asume relaciones lineales de Pearson.,"Datos de Lanzhou (LH, YZ, BPI) disponibles para replicación.",Métodos basados en regresión local con selección inteligente de vecinos (ventanas deslizantes dinámicas y Pearson).
2022,Chen et al. (2022b),"Agricultura y teledetección (mapeo de cultivos a nivel de píxel a partir de imágenes satelitales Sentinel-2 en Shawon, Xinjiang).",Series temporales multiespectrales de píxeles (píxeles con firmas temporales y espectrales de reflectancia).,"10 bandas espectrales (Blue, Green, Red, Red-edge 1-3, NIR1-2, SWIR1-2) como variables.",10 pasos temporales (Abril 22 a Octubre 6).,"MAR (pérdida de datos debido a cobertura de nubes en fechas específicas como Julio 21, Agosto 30, Septiembre 19).","4 patrones específicos observados en terreno (missing en un día, en dos días, o simultáneo), con tasas aleatorias del 30%, 50%, 70%.","Im-BiLSTM (Imputation Bi-directional LSTM), un modelo de aprendizaje conjunto de extremo a extremo que realiza simultáneamente imputación de reflectancias faltantes y clasificación de cultivos (Cotton, Winter Wheat, Spring Wheat, Spring Corn, Tomato).",Puntual (para reflectancias) y probabilística/categórica (Softmax para clasificación de cultivos).,"Pérdida combinada (Multi-task loss): pérdida de clasificación (Cross-Entropy) + pérdida de imputación (MSE en pasos faltantes), ponderadas (0.4 y 0.6).","Confusion matrix, Overall Accuracy (OA), F1-score (para clasificación); R2, RMSE (para imputación).","BiLSTM estándar, BRITS, Che et al. (2018).",Aprendizaje multi-tarea de extremo a extremo; la clasificación de cultivos guía la imputación de nubes y viceversa; análisis de importancia de características mediante gradientes.,Requiere una máscara de entrada detallada; optimización compleja de la pérdida multi-tarea.,Datos de entrenamiento terrestre y de Sentinel-2A de Shawon disponibles.,Imputación de series de tiempo espectrales multi-tarea de extremo a extremo (imputación + clasificación/predicción aguas abajo) con BiLSTM.
2022,Chen et al. (2022c),Sistemas de transporte inteligente (imputación de tráfico y reconstrucción de campos de velocidad escasos).,Series temporales espacio-temporales de tráfico (velocidad y volumen).,"Multivariante (N sensores x T pasos de tiempo, ej. Seattle con 11,160 x 8,064).","Resoluciones de 5 min (288 intervalos/día) o 15 min (96 intervalos/día), cubriendo varios días o semanas (ej. 4 semanas).",MCAR y MAR (pérdida aleatoria de velocidad en sensores).,"Random masking con tasas de pérdida extremas (30%, 50%, 70%, 90% e incluso 95% de datos faltantes).","LCR (Laplacian Convolutional Representation) y LCR-2D. Propone regularización temporal mediante un núcleo Laplaciano formulado como una convolución circular, resuelta eficientemente con FFT (Fast Fourier Transform). Minimiza la norma nuclear de la matriz circulante y la regularización Laplaciana.",Puntual.,Minimización de la norma nuclear de la representación circulante + regularización temporal Laplaciana de convolución circular (L1/L2-norm en el dominio de la frecuencia).,"MAPE, RMSE.","CircNNM, ConvNNM, ConvNNM+, LRMC, HTF, HaLRTC, LRTC-TNN, LCRN, CTNNM, QVC, LKC, NoTMF.",Extremadamente rápido y escalable para problemas de gran escala gracias a FFT (complejidad log-lineal O(NT log(NT))); modela simultáneamente tendencias globales (bajo rango) y suavidad local (Laplaciano).,Asume patrones cíclicos/periódicos para la convolución circular (requiere operaciones de flliping si la periodicidad es débil).,"Datos de HighD, CitySim y Seattle (10.5281/zenodo.3939792).",Modelos algebraicos y de bajo rango (Hankel/Circulante) con regularización espacio-temporal y aceleración por FFT.
2022,Chen et al. (2022d),"Calidad del aire (concentración de PM2.5 en Lanzhou: LH, YZ, BPI).",Series temporales de calidad de aire con atributos correlacionados.,Multivariante (PM2.5 y otros contaminantes como atributos objetivo).,"Corto plazo (Marzo 2019, Abril-Junio 2019) y largo plazo (Julio-Diciembre 2019, Año completo).",MAR/MCAR.,"Pérdida aleatoria de concentraciones con tasas de missingness del 5%, 10%, 20%, 40%.","FTLRI (First Five & Last Three Logistic Regression Imputation). Selecciona 8 puntos temporales altamente relevantes (5 anteriores, 3 posteriores) usando correlación de Pearson (r >= 0.6) y ventana deslizante para entrenar un modelo de regresión logística.",Puntual.,Average log-likelihood loss (regresión logística) optimizado por el método de Newton.,"MAE, RMSE, MAPE.","KNN (k=8), Random Forest, Logistic Regression por defecto, Dynamic Imputation (Adam, 500 epochs).",No requiere todo el dataset para imputar un punto específico; entrena rápido basándose solo en los 8 vecinos temporales y atributos más correlacionados.,Requiere eliminar previamente todos los datos con valores faltantes para el entrenamiento inicial; asume relaciones lineales de Pearson.,"Datos de Lanzhou (LH, YZ, BPI) disponibles para replicación.",Métodos basados en regresión local con selección inteligente de vecinos (ventanas deslizantes dinámicas y Pearson).
2022,Chen et al. (2022e),"Agricultura y teledetección (mapeo de cultivos a nivel de píxel a partir de imágenes satelitales Sentinel-2 en Shawon, Xinjiang).",Series temporales multiespectrales de píxeles (píxeles con firmas temporales y espectrales de reflectancia).,"10 bandas espectrales (Blue, Green, Red, Red-edge 1-3, NIR1-2, SWIR1-2) como variables.",10 pasos temporales (Abril 22 a Octubre 6).,"MAR (pérdida de datos debido a cobertura de nubes en fechas específicas como Julio 21, Agosto 30, Septiembre 19).","4 patrones específicos observados en terreno (missing en un día, en dos días, o simultáneo), con tasas aleatorias del 30%, 50%, 70%.","Im-BiLSTM (Imputation Bi-directional LSTM), un modelo de aprendizaje conjunto de extremo a extremo que realiza simultáneamente imputación de reflectancias faltantes y clasificación de cultivos (Cotton, Winter Wheat, Spring Wheat, Spring Corn, Tomato).",Puntual (para reflectancias) y probabilística/categórica (Softmax para clasificación de cultivos).,"Pérdida combinada (Multi-task loss): pérdida de clasificación (Cross-Entropy) + pérdida de imputación (MSE en pasos faltantes), ponderadas (0.4 y 0.6).","Confusion matrix, Overall Accuracy (OA), F1-score (para clasificación); R2, RMSE (para imputación).","BiLSTM estándar, BRITS, Che et al. (2018).",Aprendizaje multi-tarea de extremo a extremo; la clasificación de cultivos guía la imputación de nubes y viceversa; análisis de importancia de características mediante gradientes.,Requiere una máscara de entrada detallada; optimización compleja de la pérdida multi-tarea.,Datos de entrenamiento terrestre y de Sentinel-2A de Shawon disponibles.,Imputación de series de tiempo espectrales multi-tarea de extremo a extremo (imputación + clasificación/predicción aguas abajo) con BiLSTM.
2022,Liu & Li (2022),Geodesia y monitoreo de infraestructura (series de tiempo GNSS de 20 estaciones permanentes de SOPAC durante 10 años).,Series de tiempo de coordenadas 3D (desplazamientos no estacionarios y estacionales).,Espacio-temporal (N estaciones x 3 coordenadas = 60 variables continuas).,Datos diarios recopilados durante 10 años (T=3650 pasos).,"MAR y MCAR (falla de equipos de almacenamiento, cortes de energía eléctrica en estaciones receptoras).",Patrón totalmente aleatorio (ratios del 5% al 50%) y patrón continuo de pérdida (gaps continuos de hasta 60-100 días).,"TSHMF (Temporal and Spatial Hankel Matrix Factorization). Transforma las series univariadas de cada estación en matrices de Hankel individuales para capturar interdependencias temporales de corto y largo alcance, las apila tridimensionalmente y realiza factorización matricial no convexa con regularizaciones espaciales regionales (similitud con estaciones vecinas rígidas). Resuelto mediante Descenso de Gradiente Estocástico (SGD).",Puntual.,Error cuadrático de aproximación de la matriz de Hankel + restricciones de regularización temporal (diferencia de factores temporales consecutivos) + regularización espacial regional + penalización de Frobenius para evitar sobreajuste.,"MAE, RMSE, desviación estándar (STD).","Time-Mean (TM), Station-Mean (SM), K-nearest neighbor (KNN), Singular Value Decomposition (SVD).",Resuelve de forma robusta la imputación de gaps continuos y largos de datos al aprovechar la vecindad rígida espacial y las tendencias estacionales del operador Hankel.,La construcción de matrices de Hankel para periodos muy largos incrementa enormemente las dimensiones y el costo de memoria de la optimización.,Datos públicos de SOPAC; código implementado en Matlab/Python.,Factorización matricial de bajo rango con matrices algebraicas estructuradas (Hankel) y regularización de vecindad espacial.
2022,Mara et al. (2022),"Finanzas y economía (Predicción de regímenes de inestabilidad del mercado de EE. UU. BEAR o BULL usando índices bursátiles como S&P 500, VIX, Dow 30, NASDAQ y trackers de incertidumbre).","Series temporales de múltiples granularidades y naturalezas (tendencias, estacionales, ruido blanco).","22 variables financieras y de rastreo de políticas (Overall EMV, Infectious Disease, GPR, Trade Policy Uncertainty).","Datos semanales desde el 1 de enero de 2000 al 13 de marzo de 2020 (1,054 muestras semanales).",Combinación de MAR y MCAR (falta de coincidencia de fechas festivas entre bolsas internacionales).,Evaluación comparativa de la inyección de imputaciones en la tarea de clasificación aguas abajo (BEAR vs. BULL).,"Flujograma jerárquico de selección de métodos según la naturaleza de la serie: Spline Interpolation (tendencia y estacionalidad), Forward Filling (puramente trended), Random Sample (puramente estacional), Mean Imputation (ruido blanco). Compara con Simple Imputer, Iterative Imputer (MICE) y XGBoost directo.",Puntual.,N/A (Algoritmos de interpolación clásicos y MICE).,"Autocorrelation function (ACF) para análisis de naturaleza de series; Accuracy, Precision, Recall, F1-score en clasificación del clasificador XGBoost aguas abajo.","Zero imputation, Simple Imputer (Mean, Median), Iterative Imputer (MICE), y XGBoost directo (sin imputación previa).",Demuestra que un enfoque híbrido/personalizado basado en la naturaleza de cada variable es más efectivo que aplicar un solo método a todo el conjunto.,No modela dependencias profundas temporales no lineales simultáneas del conjunto multivariante.,Código y datos abiertos en: https://github.com/silvanaribeiro/MissingDataInTimeSeries,"Estrategias de imputación híbridas basadas en la naturaleza estadística de la variable (tendencia, periodicidad, ruido)."
2022,Wu et al. (2022),"Monitoreo ambiental e hidrología (sensores en Hungerford, Potash y Wade Brook, Lake Champlain Basin, Vermont, EE. UU.).",Series temporales de alta frecuencia (cada 15 min) con distribución no estacionaria y picos extremos.,"19 variables climáticas, hidrológicas y de calidad del agua.",Muestreos cada 15 min de marzo a noviembre de 2017 y 2018.,MAR (cortes de energía de larga duración en la estación de sensores) y MCAR.,"Pérdida univariada extrema (un gran gap continuo del 20%, equivalente a ~30 días de ausencia de caudal) combinado con un 30% de pérdida aleatoria multivariante en otras variables.","LGDI (Large Gap Data Imputation). Utiliza dos operaciones innovadoras antes de la imputación: i) Reshape (redimensiona los registros combinando lags temporales basados en la periodicidad del segundo pico de autocorrelación ACF, ej. 13 días), y ii) Extreme Value Separation (separa los valores extremos de los normales usando límites de percentiles 10/90 para entrenar modelos MICE separados con Gradient Boosting Regressor de forma independiente).",Puntual.,Error cuadrático medio del regresor de Gradient Boosting optimizado con Grid Search de validación cruzada.,R2.,"MICE original, GAIN, MRNN, LSTM-RNN, interpolación lineal, KNN con DTW penalizado.","Logra una precisión asombrosa para gaps masivos de 30 días (R2 ~ 0.78), superando de forma masiva a las redes profundas (GAIN/MRNN/LSTM-RNN); al aplicar el marco LGDI sobre los modelos profundos, mejora su precisión en más de un 15%.",Requiere la determinación exacta del desfase óptimo mediante la función de autocorrelación; la separación de valores extremos puede ser difícil si no hay un patrón estacional de caudal.,Código reproducible y datos disponibles en GitHub: https://github.com/ruiwu1990/LGDI,Imputación de grandes gaps de datos en series multivariantes mediante transformaciones espacio-temporales y segmentación de extremos.
2023,Du et al. (2023) [SAITS],"Healthcare (PhysioNet), Calidad del Aire (Beijing), Energía (Electricity, ETT).",Series temporales multivariantes complejas.,"PhysioNet (37), Beijing (132), Electricity (370), ETT (7).","PhysioNet (48), Beijing (24), Electricity (100), ETT (24) pasos temporales.",MCAR (establecido de forma estándar para comparación matemática).,Random masking con tasas de pérdida desde el 10% hasta el 90%.,SAITS (Self-Attention-based Imputation): 2 bloques de Diagonally-Masked Self-Attention (DMSA) + combinación ponderada.,Puntual.,LORT (pérdida de reconstrucción observada) + lambda * LMIT (pérdida de imputación enmascarada) usando MAE.,"MAE, RMSE, MRE; ROC-AUC, PR-AUC, F1-score (evaluación aguas abajo).","Median, Last, GRUI-GAN, E2GAN, M-RNN, GP-VAE, BRITS, Transformer estándar.",Estructura no-autorregresiva paralela; mitiga el error acumulado de las RNNs; requiere solo el 15-30% de parámetros de un Transformer.,Optimizado bajo supuesto de MCAR (aunque extensible a otros patrones).,Totalmente abierto en GitHub: https://github.com/WenjieDu/SAITS,Modelo del estado del arte en imputación por autoatención; base directa del TFG de Ruiz (2025).
2023,Díaz et al. (2023),"Consumo de energía eléctrica (Universidad en Quito, Ecuador).",Series temporales multivariantes de consumo de energía a intervalos de 2 minutos.,"2 variables temporales y 27 variables numéricas (Active Power, Apparent Power, Power Factor, etc.).","Datos del 17 de diciembre al 31 de diciembre de 2020 (10,525 entradas).",MAR/MCAR (pérdidas por fallas eléctricas o mantenimiento).,"Remoción aleatoria del 10%, 20%, 30%, 40% y 50% de datos en el conjunto de prueba.","SAITS (Self-Attention-based Imputation for Time Series) basado en Transformers, y USGAN (generativo adversarial). Compara con métodos tradicionales.",Puntual.,USGAN (pérdida de generador LG + pérdida de discriminador LD) y SAITS (pérdida de autoatención con enmascaramiento diagonal).,RMSE (normalizado para múltiples variables).,"LOCF, Mean, USGAN, SAITS.",Los Transformers (SAITS) superan a las RNNs al capturar de forma paralela dependencias temporales de largo alcance y relaciones complejas; USGAN funciona mejor en pérdidas bajas (10-20%) pero SAITS es superior en pérdidas altas (30-50%).,SAITS y USGAN pueden ser computacionalmente intensivos en su entrenamiento mediante búsqueda de rejilla (Grid Search).,Datos del sistema eléctrico de la UDLA.,Comparación de enfoques basados en Autoatención (SAITS) frente a Redes Generativas Adversariales (USGAN).
2023,Kazijevs & Samad (2023),"Salud y registros médicos (MIMIC-III: DACMI, Sepsis, Hypotension; señales de sensores: IEEEPPG, Heartbeat).","Series temporales multivariantes (MTS) longitudinales y transversales, irregulares y continuas.","DACMI (13 lab tests), Sepsis (30 numéricas), Hypotension (9 numéricas), IEEEPPG (5), Heartbeat (61).","Longitudes truncadas a 5, 10, 15, 20 y 25 pasos de tiempo para evaluar sensibilidad.","MCAR, MAR y MNAR (mecanismo real de decisión médica, donde un médico no ordena una prueba si espera resultados normales).","Missing Completely at Random, Missing at Random, y Missing Not at Random a tasas variables del 5% al 80%.","Benchmark de 13 métodos: BRITS, CATSI (CATSI-LSTM y CATSI-MLP), LSTM, NAOMI, TAME, DETROIT, GP-VAE, MICE, CE-GBT-I, CE-GBT-II, e Interpolación lineal/por tramos.",Puntual (imputación) y probabilística en variables latentes de GP-VAE.,MSE y pérdidas de decodificación en autoencoders/recurrentes bidireccionales.,NRMSD (Normalized Root Mean Squared Deviation) por variable y rango promedio; F1 weighted score para validación en clasificación posterior.,"MICE, CE-GBT-I/II, Piece-wise time interpolation, LSTM básico.",El estudio comparativo más completo en datos médicos; demuestra que la inicialización por interpolación por tramos mejora drásticamente la convergencia de modelos profundos.,Gran costo computacional; no hay un método único ganador para todas las variables.,"Datasets públicos de MIMIC-III (Health Gym, DACMI).","Benchmarking riguroso de modelos híbridos, longitudinales y transversales en series temporales irregulares."
2023,Schiavo et al. (2023),Análisis de datos biomédicos e imputación multivariada.,Series de tiempo y datos estructurados de salud.,Multivariante.,N/A.,MAR/MCAR.,Pérdidas aleatorias de variables clínicas.,Modelado robusto de imputación multivariada.,Puntual/Probabilística.,N/A.,"RMSE, MAE.","MICE, kNN, imputación de medias.",Enfoque colaborativo y multidisciplinar para abordar la imputación de datos.,Datos limitados presentados en los extractos cortos.,N/A.,Modelos de colaboración e investigación multidisciplinar en la ingeniería del software clínico.
2023,Sun et al. (2023),"Datos estructurados/tabulares generales (salud, spam, finanzas, variables mixtas).","Datos tabulares (estructurados), que incluyen variables continuas, categóricas y mixtas.","Pima (8), Spam (57), DTI (93), Carcinoma (7), DNA (180), NCbirths (13), VietNamI (12), Simulated (15).","N/A (con excepción de DTI, que tiene estructura funcional).","MCAR, MAR, MNAR.","Pérdida aleatoria de variables y patrones de ""burst-missing"" a tasas de 10%, 30%, 50%.",Comparación de enfoques basados en redes generativas profundas (GAIN y VAE con codificación onehot y con embeddings densos) frente a dos de los métodos tradicionales más robustos (MICE y MissForest).,"Puntual (MICE, MissForest, GAIN) y probabilística (imputación iterativa con VAE).",GAIN (pérdida del discriminador/generador con hint vector); VAE (maximización de ELBO sobre los valores observados).,"RMSE para variables continuas, Accuracy para categóricas.","MICE, MissForest, GAIN-onehot, GAIN-embedding, VAE-onehot, VAE-embedding.","Demuestra que para muestras pequeñas o moderadas (n < 30,000), los métodos convencionales (MICE, missForest) son sustancialmente más robustos y precisos; el uso de embeddings densos ayuda a los modelos profundos con variables categóricas de alta dimensión.","Los modelos profundos (GAIN, VAE) sufren severamente de colapso de modo y sobreajuste con muestras limitadas; el número de hiperparámetros a sintonizar en modelos generativos profundos es excesivo.",https://github.com/EagerSun/A-comparison-of-Deep-Learning-and-conventional-statistical-methods-for-missing-data-imputation,Análisis de robustez y colapso de modo en modelos generativos profundos de imputación frente a métodos estadísticos clásicos en datos tabulares de tamaño moderado.
2024,Alonso et al. (2024),"Sistemas de energía, monitoreo de procesos industriales y submedición eléctrica (Hospital de León, UCI, REFIT).",Series temporales multivariantes relacionadas con correlación espacio-temporal.,"UCI (4 variables), REFIT (10 variables), Hospital (7 variables).",Curvas de carga de 24 horas de longitud (muestreo a intervalos de 1 hora).,"MAR y MCAR (fallas de sensores, fallas en la red de comunicación, cortes de energía).","Gaps aleatorios e intencionados de longitud variable en una o todas las variables con tasas de corrupción (25%, 50%, 75%, 100%).","RNN-DAE (Denoising Autoencoder basado en Redes Neuronales Recurrentes), multifeature. Compara Simple RNN, GRU, LSTM (unidireccionales y bidireccionales). El mejor es BiGRU-DAE.",Puntual.,MSE (error cuadrático medio de reconstrucción) minimizado sobre las muestras con ruido mediante retropropagación.,"RMSE (Root Mean Square Error), MAE (Mean Absolute Error), MAPE (Mean Absolute Percentage Error).","k-NN (k-vecinos más cercanos), MICE (Multivariate Imputation by Chained Equations), SRNN-DAE, GRU-DAE, LSTM-DAE, BiSRNN-DAE, BiLSTM-DAE.",Captura dependencias temporales complejas antes y después del gap gracias a las capas bidireccionales; procesa todas las variables simultáneamente (multifeature).,"Rendimiento deficiente cuando todas las variables tienen gaps de longitud extrema (24 horas) simultáneamente, causando errores exponenciales.",UCI y REFIT son públicos; Hospital es propio. El código utiliza Keras y Tensorflow en Python.,"Autoencoders basados en aprendizaje profundo (RNN-DAE) para series temporales multivariantes correlacionadas, con análisis de costo computacional."
2024,Chen et al. (2024),"Redes de distribución eléctrica (pérdidas de línea de baja tensión en Guangxi, China).",Series de consumo eléctrico por horas y curvas de carga diarias.,10 puntos de medición diarios.,Curvas diarias continuas.,MCAR y MAR.,10% de tasa de pérdida de datos (2 mediciones faltantes en 20 series).,Group Method of Data Handling (GMDH) + Polinomio Kolmogorov-Gabor en red autoorganizada.,Puntual.,"Minimización de error bajo polinomio de complejidad óptima, optimizado por criterio externo.","Relative Error (Erel), RMSE, Line Loss Rate (LLR) antes y después de la imputación.",Cinco modelos alternativos con diferentes parámetros de ruido (alpha de 0.1 a 1.0).,Alta resistencia al ruido; evita supuestos físicos de la red de potencia; optimiza automáticamente la complejidad del polinomio.,Requiere datos de consumo de usuarios cercanos altamente correlacionados para operar eficazmente.,Datos y códigos de Guangxi disponibles bajo solicitud razonable.,Representa métodos heurísticos y evolutivos no lineales para la reconstrucción de señales industriales.
2024,Wang et al. (2024),"Meteorología, calidad del aire, finanzas (Tesla) y transformadores de energía (ETT).",Series temporales multivariantes complejas con lagunas continuas no lineales.,"Beijing (10 variables), London (15 variables), Tesla (6 variables), ETT (7 variables).","Beijing (35,064 horas), London (52,696 registros), Tesla (1,259 días), ETT (2 años por horas).","MAR, MCAR y principalmente ausencia continua (pérdidas en bloques o ráfagas continuas).",Ausencia continua simulada enmascarando bloques de longitud fija (1 a 100 pasos) con tasas del 10% al 50%.,"WGAIN-VAE: Acopla un VAE como generador en WGAIN, introduciendo una matriz de información de pistas contextuales río arriba/abajo.",Puntual (genera estimaciones precisas para rellenar las brechas de datos).,Pérdida multiobjetivo: Loss_GD (adversaria WGAN) + alpha * Loss_VAE (reconstrucción y divergencia KL) + beta * Loss_D (Wasserstein).,RMSE (Root Mean Squared Error) y SMAPE (Symmetric Mean Absolute Percentage Error).,"Statistical (Mean, MICE), Machine Learning (KNN, RF), Neural Networks (BRITS, SAITS, GAIN).",El uso de VAE y pistas contextuales evita que el generador inicie con valores aleatorios; el uso de distancia de Wasserstein previene el desvanecimiento del gradiente.,"Falta evaluar el impacto de diferentes ruidos del mundo real en las imputaciones y afinar el tuning de hiperparámetros (alpha, beta).","Datos públicos de UCI, KDD 2018 y Yahoo Finance disponibles; código reproducible.",Representa la vanguardia de los modelos de imputación híbridos (reconstrucción variacional + adversario Wasserstein) para lagunas en bloque de IoT.
2024,E_Dong_2024,"General (Tráfico, Electricidad, Clima, etc.)",Series temporales multivariantes,"Variable según el dataset (ETT, Electricity, Weather)",Ventana de imputación de 96 pasos de tiempo,MCAR simulado,Enmascaramiento aleatorio (tasas del 12.5% al 50%),SpecAR-Net (red autorregresiva basada en el dominio de frecuencia),Puntual,LTOP (Low-pass Temporal Operator) combinada con MSE,"MSE, MAE","TimesNet, DLinear, ETS-former, LightTS, FEDformer, Informer, Autoformer",Gran rendimiento al mapear variaciones temporales en el dominio espectral,Asume que las dinámicas temporales se pueden capturar en bajas frecuencias,"Disponible con datasets estándar (ETT, Weather, Electricity)",Modelos Secuenciales / Frecuenciales Profundos
2024,E_Fang_2024,Finanzas (Préstamos Internet) y Medicina (ADNI),Datos tabulares fragmentarios (block-wise),"5 fuentes de datos (25 variables) en Préstamos, 10 en ADNI",Puntual (Tabular longitudinal / block-wise),"MAR, MCAR",Ausencia por bloques completos (fragmentos faltantes de fuentes enteras),FragmGAN (Adversarial learning con hint mechanism para datos fragmentarios),Probabilística (muestreo estocástico del generador),Pérdida GAN con regularización de entropía en la pista,"RMSE (imputación), AUC (clasificación downstream)","GAIN, MICE, MissForest, Matrix Completion, Autoencoders, EM, MisGAN",Reconstruye de forma coherente bloques ausentes en datos fusionados multiorigen,Inestabilidad típica de las GAN; requiere estimación precisa de la matriz de patrones,Datasets públicos (adni.loni.usc.edu) y UCI,Modelos Generativos Profundos (GAN) para datos fragmentarios
2024,E_Fatyanosa_2024,IoT Marítimo (datos de buques de carga de MTI Co.),Series temporales multivariantes de alta dimensión,Hasta 217 columnas (ALL) o 57 importantes (IMP),Muestreo cada 6 min por 2 años (2020-2021),"MCAR, MAR, MNAR",Ausencia aleatoria y por bloques simulados (10% a 50%),Meta-learning (XGBoost) para recomendar el mejor imputador según meta-features,Puntual (recomendación de método puntual),"Función de puntuación integrada (RMSE, MAE y tiempo de ejecución)","RMSE, MAE, tiempo de cómputo penalizado","Modelos candidatos: Interpolación, MissForest, Mean, Median, MiceForest, GAIN, KNN",Automatiza la selección del mejor imputador; Interpolación y MissForest dominan,Dataset de meta-aprendizaje muy desbalanceado hacia Interpolación (51%) y MissForest (43%),Datasets reales confidenciales; meta-análisis generalizable,Aprendizaje Automático Clásico (Recomendador de algoritmos por Meta-aprendizaje)
2024,E_Hamidi_2024,Finanzas / Comportamiento de transacciones de clientes electrónicos,Datos tabulares longitudinales (histórico transaccional),"5 variables de cliente (recency, frequency, monetary, cost, profit)","Muestreo mensual durante 30 meses (48,948 clientes)",N/A (Se asume completo para segmentación),N/A,Algoritmo Genético optimizado con Clustering Espectral,Puntual (Pesos de segmentación),Función de aptitud (fitness) del agrupamiento espectral,"Índice de Silueta, Índice de Dunn","K-means, Clustering Jerárquico, Fuzzy C-means",Segmentación robusta de clientes de alto y bajo valor dinámicamente,"No realiza imputación directa, se enfoca en clasificación y agrupamiento",Disponible bajo solicitud razonable al autor principal,Aprendizaje Automático Clásico (Modelos Híbridos de Clasificación/Segmentación)
2024,E_Li_2024,"Medicina / Riesgo Cardiovascular (Xinjiang, China)",Datos de estudio de cohorte (tabular mixto),"37 variables (personales, física, bioquímica, cuestionarios)","Seguimiento medio de 5.47 años (10,164 sujetos)",MAR asumido,Ausencia artificial de 20% en datos clínicos,K-Nearest Neighbor (KNN) e Imputación por Random Forest (RF),Puntual,Mínimos cuadrados locales para KNN / Varianza para CART de RF,"MAE, RMSE, AUC (usando clasificador SVM para riesgo de enfermedad)","Simple Imputation, Regression, EM, MICE, KNN, Cluster, RF, CART",KNN y RF preservan mejor la variabilidad y aumentan el AUC predictivo de SVM,"Modelos tradicionales basados en regresión (Regression, MICE) fallan ante relaciones no lineales",Datos y modelos disponibles a través de enlaces del journal BMC,"Aprendizaje Automático Clásico (KNN, Random Forest)"
2024,E_Liu_2024,"Neurología (EEG), Medicina, Botánica",Series temporales multivariantes de muestras pequeñas,"Múltiples canales o señales (EEG, señales de plantas)",Longitud temporal variable (datasets UCR),MCAR simulado,"Omitido aleatorio con tasas del 10%, 20%, 30% y 50%","BiLSTMELM-ENSAIT (BiLSTM, Extreme Learning Machine, Self-Attention, Inception, GP-GAN)",Puntual,Pérdida multitarea: MSE de imputación y Cross-entropy con regularización Elastic Net y Gradient Penalty,"RMSE, R2, Accuracy de clasificación","AJ-RNN, Im-BiLSTM",Excelente desempeño para clasificar e imputar series temporales con pocas muestras,Estructura sumamente compleja y propensa a requerir gran afinación de hiperparámetros,GitHub: https://github.com/liujj15/time-series,Redes Neuronales Profundas (Modelos Secuenciales / Atencionales multitarea)
2024,E_Lyu_2024,Transporte Inteligente / Tráfico vehicular,Datos de tráfico espaciotemporales (sensores x horas x semanas),"Múltiples sensores en 4 ciudades (Londres, Madrid, Guangzhou, Melbourne)","Muestreo cada 5-15 min, set temporal continuo","MCAR, MAR (fallos de red y energía)","Blackout Missing (BM), Random Missing (RM), Day Missing (DM), Time Missing (TM)",RTTC (Low-Rank Autoregressive Tensor Completion con change-points),Puntual,Minimización de la norma nuclear tensorial con regularización autorregresiva,"MAE, SMAPE","TRMF, BGCP, LATC, LRTC-TSpN, Historical Average (HA)",Altamente robusto para imputar días completos caídos (Blackout Missing) usando la estructura tensorial,No propaga la incertidumbre del modelo; requiere optimización del rango de Tucker,Zenodo para Guangzhou: https://zenodo.org/record/1205229,Métodos Tensores y Espaciotemporales Avanzados
2024,E_Noufel_2024,Tratamiento de aguas residuales / General (M3 Competition),Series de tiempo univariantes,"1 variable univariante (concentración de NH4, etc.)","Mínimo 70 observaciones (M3 Competition, 1356 series)","MAR, MCAR","Gaps masivos secuenciales (bloques de tamaño 5, 10 y 20)",Hinge-FM2I (Transformación a matriz de recurrencia y aplicación de inpainting de parches),Puntual,Minimización de la discrepancia en bordes (Hinge loss) y texturas de imagen,"sMAPE, RMSE, MAE, Similitud (Sim)","Mean, Median, LOCF, NOCB, Linear/Spline Interpolation, KNN, ARIMA, DTWBI, Pix2Pix GAN",Excepcional rendimiento en gaps grandes y consecutivos sin alterar estacionalidades,Costo computacional alto derivado de la conversión de datos y la búsqueda de parches,GitHub: https://github.com/noufels (enlace relacionado en texto),Enfoques Basados en Imágenes e Inpainting (Bespoke)
2024,E_Obata_2024,IoT (monitoreo ambiental) y Biomecánica (Mocap),Series temporales multivariantes,"Variable según el dataset (sensores de laboratorio, mocap)",Frecuencias periódicas variables (series de n=145 a n=1472),"MAR, MCAR",Ausencias aleatorias multivariadas (tasas de 10% a 80%),MissNet (State-space model con Graphical Lasso dinámico y conmutación de regímenes de Markov),Puntual,Expectation-Maximization (EM) combinada con penalización L1 para dispersión,"RMSE, tiempo de ejecución, grado de dispersión","SoftImpute, SoRec, TRMF, SLDS, Dynammo, DCMF, BRITS, POGEVON, TICC, MMGL",Infiere redes de covarianza dispersas e independientes que varían según el régimen,Alta complejidad de tiempo por el cálculo iterativo del Graphical Lasso,GitHub: https://github.com/KoheiObata/MissNet,Métodos Estadísticos Espaciotemporales / Espacio de Estados
2024,E_Palummo_2024,Limnología / Climatología (temperatura del agua del Lago Victoria),Datos espaciotemporales funcionales continuos,Campo de temperatura espacial sobre una triangulación compleja (15x15),Resolución mensual de 16 años (L = 16 x m = 12),Asumido MCAR/MAR (ausencia por nubes persistentes),Gaps masivos continuos en el espacio y el tiempo (dependent censoring),fPCA espaciotemporal suavizado mediante elementos finitos con penalización laplaciana,Puntual / Representación Funcional continua,Mínimos cuadrados con penalizaciones espaciales y temporales resuelta por MM,"RMSE (funciones y scores), principal angle (subespacio de componentes)","PPCA, DINEOF, IPPCA",Reconstruye de forma precisa lagunas de información espaciotemporales complejas,Requiere la discretización del dominio mediante mallas de elementos finitos,R package 'fdaPDE' en CRAN,Métodos Estadísticos Espaciotemporales / Análisis de Datos Funcionales
2024,E_Saad_2024,Tratamiento de aguas residuales / General (M3 Competition),Series de tiempo univariantes,"1 variable univariante (concentración de amonio, etc.)",Mínimo 70 observaciones por serie,"MAR, MCAR","Gaps secuenciales de tamaño 5, 10 y 20",Hinge-FM2I (Inpainting de parches en matrices de recurrencia),Puntual,Minimización de diferencias Hinge y distancias de textura,"sMAPE, RMSE, MAE, Sim","Mean, Median, LOCF, NOCB, Linear/Spline, KNN, ARIMA, DTWBI, Pix2Pix GAN, UIM",Reconstruye con precisión periodos estacionales perdidos en gaps grandes,Costo computacional de transformación de matriz de recurrencia a imagen,Algoritmo y datos descritos en texto (Scientific Reports 2025),Enfoques Basados en Imágenes e Inpainting (Bespoke)
2024,E_Suprijanto_2024,"Agricultura de precisión / Teledetección (Landsat, MODIS, Sentinel-2)",Imágenes multiespectrales (índices de vegetación),"Series de índices de vegetación (NDVI, EVI)",Datos periódicos de órbita de satélite,MAR / MCAR (cobertura constante de nubes en zonas tropicales),Gaps de nubes persistentes y sombras de nubes,Filtro Savitzky-Golay acoplado con interpolaciones lineales y spline,Puntual,Mínimos cuadrados para ajuste polinómico local,"MAE, RMSE, R2","HANTS (Harmonic Analysis of Time Series), M-SSA",Suaviza el ruido y reconstruye series fenológicas tropicales sin nubes,Poco efectivo si el gap temporal es demasiado grande (pérdida de estacionalidad),Herramientas implementadas en Google Earth Engine (GEE),Métodos Estadísticos Clásicos / Interpolación Avanzada
2024,E_Tipantasig_2024,Climatología / Hidrología en Ecuador (río Pastaza),Series temporales multivariantes de precipitación mensual,6 estaciones meteorológicas,Resolución mensual de 1976 a 2018,MAR / MCAR (fallos de registro en estaciones del INAMHI),Registros faltantes aleatorios (1.16% a 15.70% de datos faltantes originalmente),Regresión Lineal Múltiple (RLM) y modelo de Árbol de Decisión (AD) de regresión,Puntual,Mínimos cuadrados para RLM / Reducción de varianza en nodos para CART,"RMSE, MAE, R2","Promedio Aritmético (PA), Regresión Lineal Múltiple (RLM), Árbol de Decisión (AD)",RLM y Árbol de Decisión capturan adecuadamente las complejas correlaciones espaciales andinas,El promedio aritmético reduce artificialmente la varianza de la precipitación,Datos de INAMHI Ecuador; análisis realizado en Python 3.13,Aprendizaje Automático Clásico / Modelos de Regresión Clásicos
2024,E_Vasenin_2024,Redes Eléctricas Inteligentes (Smart Grids en Italia),Series de tiempo de demanda de carga de electricidad,1 variable de demanda enriquecida con 9 variables estacionales/calendario,Carga horaria de Septiembre 2022 a Diciembre 2023,"MCAR, MAR, MNAR",Recorte continuo (continuous clipping) y aleatorio (10% al 70%),H-DIRT (Historical Data Informed Regression) y Seasonal KNN (SKNN),Puntual,Mínimos cuadrados para H-DIRT / Distancia euclidiana ponderada para SKNN,"RMSE, MAE, MAPE, desviación estándar","KNN estándar, SKNN, H-DIRT","SKNN enriquece características (festivos, semana, hora) mejorando drásticamente el KNN simple",H-DIRT requiere datos históricos idénticos; de lo contrario decae a interpolación lineal,Datos reales del edificio Ex Emiliani extraídos vía smart1.eu API,"Aprendizaje Automático Clásico (KNN estacional, Regresión contextual)"
2024,E_Yin_2024,"Meteorología (NY, LA, Toronto), Calidad del aire, Electricidad",Series temporales multivariantes,Múltiples variables climáticas y de consumo,"Muestreo periódico, partición de entrenamiento/test de 5:1","MAR, MCAR","Ausencia aleatoria simulada (tasas de 20%, 50% y 80%)",ContrAttNet (BiLSTM + CNNs + mecanismo de atención supervisada para correlación de variables),Puntual,MSE sobre la combinación de predicción histórica y de características,"RMSE, MAE, RAE","Mean, KNN, MICE, GRUD, GRUI, LGnet, Bi-LSTM, BRITS-r",Mapea variables multivariantes a dimensiones espaciales para capturar correlación dinámica,Modelo pesado y lento de entrenar debido al cálculo de pesos de atención,Datasets públicos de calidad del aire de Pekín y Kaggle,Redes Neuronales Profundas (Modelos Atencionales / Híbridos)
2024,E_Yuan_2024,Procesos Industriales Químicos (SRU e hidrocraqueo),Series temporales multivariantes de alta dimensión de sensores,Múltiples variables continuas de procesos químicos,Registros históricos continuos de plantas químicas,MAR asumido,Enmascaramiento aleatorio sintético (tasas del 10% al 90%),SAMIIF (Stacked Adversarial Multiple Iterative Imputation Framework con GANs apiladas),Puntual / Múltiple,Pérdida adversarial GAN combinada con imputación iterativa apilada,"RMSE, MAE, mse","KNN, Mean, Matrix Factorization, Iterative SVD, BRITS, SAITS, GAIN, SSGAN",Estabiliza el entrenamiento de las GAN y supera consistentemente a GAIN básico con tasas >70%,Costo computacional muy alto debido a las múltiples etapas de GAN apiladas,Datos experimentales de plantas industriales (SRU e hidrocraqueo),Modelos Generativos Profundos (GAN apilado)
2024,E_Yun_2024,Teledetección / Cobertura terrestre (Imágenes satelitales Landsat),Datos espaciotemporales de reflectancia e índices (NDVI),Series de índices de vegetación (NDVI),Registros periódicos de órbita,MAR (cobertura constante de nubes),Gaps masivos continuos de nubes y sombras,BiLSTM Bidireccional (For-Backward LSTM) para reconstruir dinámicas de vegetación,Puntual,MSE en la reconstrucción del NDVI,"RMSE, MAE, R2","Savitzky-Golay, interpolación spline tradicional",Captura dependencias temporales futuras y pasadas simultáneamente para mantener coherencia estacional,Problemas de sobreajuste en años con eventos climáticos extremos atípicos,Datos de Landsat públicos en Google Earth Engine (GEE),Redes Neuronales Profundas (Modelos Secuenciales BiLSTM)
2024,E_Zheng_2024,"IoT Industrial / Seguridad de plantas de agua (SWaT, WaDI)",Series temporales multivariantes con estructura de grafos,"51 variables en SWaT, 127 variables en WaDI",Datos de monitoreo por segundos,MAR / MCAR,"Ausencias aleatorias con tasas de 10%, 30% y 50%",GST-Pro (Graph Spatiotemporal Process con Neural CDEs para imputación y anomalías),Puntual (imputación) y Clasificación (anomalía),Pérdida de reconstrucción temporal de spline cúbico continuo y pérdida de grafo,"ROC-AUC, PRC-AUC (en la detección downstream)","Naive Imputation + LSTM-VAE/OmniAnomaly, Mean/Spline Imputation + GDN-GNN",Imputa y detecta anomalías conjuntamente sin requerir datos base limpios,Requiere la matriz de adyacencia de grafos; alto coste de entrenamiento de Neural CDEs,Datasets industriales SWaT y WADI disponibles bajo solicitud a iTrust,Métodos Tensores y Espaciotemporales Avanzados (Neural CDEs / Grafos)
2024,E_Zhong_2024,Agricultura / Acuaponía inteligente en invernaderos,Series temporales multivariantes de sensores de invernadero,Múltiples variables climáticas y de calidad del agua,Monitoreo continuo de ciclos de cultivo,MAR / MCAR,Ausencias aleatorias simuladas del 10% al 80%,ATTM-GAN (Generador y Discriminador basados en atención multi-cabezal y matriz de remisión),Puntual,Pérdida de reconstrucción por enmascaramiento con ganancia de atención supervisada,"MAE, RMSE, MSE","MEAN, LAST, KNN, ARIMA, Transformer, SIATS, ATTM-GAN",Atención multi-cabezal captura correlaciones cruzadas no lineales complejas entre sensores,Inestabilidad de entrenamiento de GAN; riesgo de colapso de gradiente en el discriminador,Datos experimentales de invernaderos acuapónicos reales de los autores,Modelos Generativos Profundos (GAN con atención)
2024,E_Zukovic_2024,Geociencias / Contaminación por metales pesados en suelos,Datos espaciales / tabulares de variables altamente sesgadas,"7 variables de metales pesados (Cd, Co, Cr, Cu, Ni, Pb, Zn) en Jura, Walker Lake","Muestreos espaciales (punto en el tiempo, 259 estaciones)",MAR / MCAR,Censura espacial aleatoria e irregular,MPRS (Mean Projection of Rotator States basado en simulación física de Monte Carlo de rotadores planos),Puntual y Probabilística,Hamiltoniano de espines con interacciones de vecinos más cercanos,"MAE, MARE, RMSE, Pearson Correlation Coefficient (MR)","Ordinary Kriging con tendencia univariante (OK-U) y multivariante (OK-R), IDW",Extremadamente rápido (escalamiento lineal O(P)) para grandes volúmenes espaciales; ideal con datos sesgados,Menor precisión que Kriging en campos puramente Gaussianos homogéneos,"Datasets de benchmark clásicos (Jura, Walker Lake) disponibles en repositorios públicos",Enfoques Bespoke / Inspirados en Física (MPRS)
2024,E_Zuo_2024,"IoT Industrial / Telemetría aeroespacial (SMAP, MSL, SMD de la NASA)",Series temporales multivariantes de alta dimensión de sensores,Múltiples sensores continuos de telemetría de satélites,Datos de monitoreo continuo de largo plazo,MCAR simulado,Datos con valores omitidos e intervalos aleatorios,DiffADT (Unsupervised Diffusion model condicional con Entity-ID embeddings),Puntual (imputación) y Anomaly Scores,Pérdida de reconstrucción de difusión con ruido condicional y regularización de Entity-ID,"Precision, Recall, F1-score","Kernel PCA, OC-SVM, OC-ALP, OC-LCB, LASTM-AE, BeatGan", embeddings de Entity-ID permiten adaptar la reconstrucción según la identidad de cada sensor físico,No es un método universal; requiere etiquetar explícitamente la identidad de cada entidad,"Datasets de telemetría SMAP, MSL y SMD públicos de la NASA",Modelos Generativos Profundos (Difusión condicional)
2025,Ruiz (2025),"Meteorología, contaminación y tráfico (Proyecto Smart Poqueira, Granada).",Series temporales multivariantes de sensores IoT.,15 variables clave (gases contaminantes y flujos de vehículos).,Ventanas de 24 horas (T=24) a nivel horario.,MAR y MCAR.,"Point (puntual: 5%, 10%, 20%, 50%), subsequ (ráfaga: 8-12h), block (bloque al inicio).",SAITS y Transformer estándar (implementados en PyPOTS).,Puntual.,LORT (pérdida de reconstrucción observada) + lambda * LMIT (pérdida de imputación enmascarada) en MAE.,"RMSE, MSE, MAE, MRE.","Median, Mean, Linear Interpolation, Ffill (LOCF), Bfill (NOCB), Hankel Imputation.",Modelado potente de dependencias temporales de largo alcance; captura integral inter- e intra-variable; software estructurado modular (pampaneira_imputation).,No optimiza hiperparámetros ( tuning manual ); no evalúa formalmente en tareas predictivas posteriores (downstream).,Abierto y reproducible: https://github.com/eigenric/TFG,Caso de estudio central de la tesis de grado; valida la aplicabilidad industrial de Transformers en IoT ambiental.
2025,Cheng & Ni (2025) [DGMI],Calidad del aire spatiotemporal (Región de Nanjing y AQI-36 Beijing).,Series temporales multivariantes espacio-temporales de sensores.,"Nanjing (19 sensores x 7 indicadores = 133 variables), AQI-36 (36 variables).",Muestreo por horas (L = 24 o superior).,MCAR y MAR.,Random masking (10%-80% Nanjing) y mixed strategy (historical + random) en AQI-36.,DGMI (Diffusion-based Generative Adversarial Imputation). MCTA (atención temporal multi-ciclo) + SIFA (atención de sensores/indicadores).,Probabilística (evaluación conjunta puntual/distribución).,LG (pérdida de generador GAN) + LMSE (error cuadrático de ruido de difusión) + Gradient Penalty (GP).,"RMSE, MAE, CRPS.","Mean, KNN, TRMF, MICE, BRITS, GRIN, V-RIN, GP-VAE, GAIN, SSSD, CSDI, PriSTI.",Estabiliza el entrenamiento GAN mediante difusión; codificación con funciones seno-coseno + interpolación lineal inicial.,Alta complejidad de parámetros y costos de cómputo (FLOPs elevados) respecto a CSDI y PriSTI.,Datos de Nanjing y AQI-36 disponibles; código reproducible.,Modelo generativo híbrido de vanguardia para datos espacio-temporales y múltiples variables por sensor.
2025,Mahmud et al. (2025),"Fusión de datos y demografía/salud (datasets Adult, Diabetes y Heart Disease).",Datos tabulares estáticos mixtos (continuos y categóricos) de fuentes múltiples.,"Adult (14 variables), Diabetes, Heart Disease.",N/A (Datos tabulares estáticos).,"MCAR, MAR y MNAR.",Simulación de pérdida aleatoria del 10% al 50%.,IMPUGAN (Conditional Generative Adversarial Network para imputación) con PacGAN y hard-conditioned sampling.,Probabilística (muestreo estocástico condicional múltiple).,Pérdida adversaria WGAN-GP + Condicional Loss (alpha*Loss) + Discriminator Loss.,"RMSE, MAE, Kolmogorov-Smirnov (KS), Earth Mover's Distance (EMD), JSD, Chi-Square, Mutual Information (MI) deviation, downstream accuracy.","Global Mean (GM), Fixed-Value (FV), GAIN.",Evita el sobre-suavizado de estimaciones; preserva las distribuciones conjuntas marginales y correlaciones no lineales (MI).,"No captura dependencias secuenciales/temporales directas, está diseñado para datos tabulares.",github.com/zalishmahmud/impuganBigData2025,Representante de las redes cGAN avanzadas para imputación y fusión de datos mixtos tabulares.
2025,E_Alejo_2025,"Climatología (temperatura, precipitación, humedad)",Series temporales univariantes y multivariantes,"14 variables ambientales (temperatura, precipitación, etc.)","Horaria, diaria, mensual, decenal","MCAR, MAR (Revisión)",Ausencia aleatoria (scattered) y bloques consecutivos largos,"Revisión sistemática de métodos (Promedios, Regresión, PCA, ANN, GANs)",Puntual (Revisión),N/A (Revisión),"RMSE, MAE, NRMSE, MAPE, NSE, RMAE, MASE, RRMSE","KNN, MICE-RF, SSA, M-SSA",Sintetiza la literatura climática de la última década por región y variable,No propone un método nuevo; muestra dependencia extrema del clima y topografía,No aplica (Review),Revisión de literatura: proporciona las bases y frecuencias de uso de algoritmos
2025,E_Bogojeski_2025,Ingeniería Química / Procesos industriales continuos,"Multivariante, series temporales continuas",Múltiples variables de sensores industriales,Muestreo continuo de alta frecuencia,"MCAR, MAR asumido",Ausencias aleatorias y bloques consecutivos por fallos,Seq-MVAE (Sequential Neural Model con capas estocásticas y Product of Experts),Probabilística (muestreo de distribución latente),ELBO (Evidence Lower Bound) para VAE secuencial,"MSE, reconstruction log-likelihood, F1-score en fallos downstream","GP-VAE, VRNN, etc.",Capta la incertidumbre secuencial y relaciones multimodales en procesos químicos,Alto coste de entrenamiento para redes profundas con capas estocásticas,GitHub: https://github.com/MihailBogojeski/seq_mvae,Modelos Generativos Profundos (MGP): VAE secuencial
2025,E_Cambra_2025,IoT Industrial / Mantenimiento predictivo de fluidos de corte,Series temporales multivariantes (preprocesadas),"4 variables (pH, temperatura, concentración, conductividad)","Resolución de 5 min por varios meses (30,332 registros)","MCAR, MAR (gaps reales causados por fallos de conectividad)",Gaps auténticos de sensores del proyecto 'SmarTaladrine',"MOMENT (Foundation Model pre-entrenado y fine-tuned), HybridKCL, LSTM-VAE, KNN",Puntual,MSE para redes neuronales / Distancia para KNN,"MAE, RMSE, MAPE","KNN, LSTM-VAE, MOMENT-Pre, MOMENT-FT",Dataset del mundo real con benchmarks de imputación clásicos y de vanguardia,Limitado a un único tanque de prueba; sin efectos de estacionalidad multianual,Repository: https://doi.org/10.71486/w044-c137,Modelos Híbridos / Aprendizaje Automático Clásico / Modelos de Fundación
2025,E_Diaz_2025,Calidad del aire y Meteorología (Ciudad de México),Series temporales multivariantes,13 variables (9 contaminantes y 4 climáticas),Datos horarios por 10 años (2014-2023),"MAR/MCAR (gaps reales <30%, con 20% artificial)",Ausencia aleatoria y gaps continuos largos (fallo de sensor),Random Forest (RF) iterativo y BRITS (Bidirectional Recurrent Imputation),Puntual,MSE para el entrenamiento de BRITS / Criterio de división para RF,"MAE, RMSE, Wasserstein Distance (WD), Two One-Sided Tests (TOST)",Comparación directa entre BRITS y RF iterativo,Doble perspectiva: RF es superior localmente (RMSE); BRITS preserva la distribución completa,Excluye estaciones con >30% de datos faltantes; problemas con viento y partículas,GitHub: https://github.com/IngridLangley01/AirQuality-Imputation,Modelos Secuenciales Profundos (BRITS) y Aprendizaje Automático Clásico (RF)
2025,E_Haile_2025,Calidad del aire / Medio ambiente (Pekín PM2.5),Serie temporal univariante,1 variable (PM2.5),Resolución horaria (series de longitud n=1000),"MCAR, MAR (lagged probability)","5% a 40% de pérdida (40% secuencial en bloques grandes, 60% aleatoria)",Espacio de Estados ARIMA combinado con Suavizado de Kalman (Kalman-ARIMA),Puntual,Máxima verosimilitud para el ajuste de los parámetros ARIMA,"RMSE, MAPE, Índice de Acuerdo (d)","Interpolación (lineal, spline, Stineman), promedios, LOCF, medias móviles (SMA, LWMA, EWMA)",Rendimiento óptimo para series univariantes con fuerte estacionalidad y tendencia,Supone linealidad y estacionariedad local en el espacio de estados,Implementado en R usando el paquete 'imputeTS',Métodos Estadísticos Espaciotemporales / Espacio de Estados univariante
2025,E_Hossain_2025,"General (Medicina, vivienda, energía)",Datos tabulares multivariantes continuos,"8 a 41 variables según el dataset (biodegradation, wine, housing, cancer)",Datos de punto en el tiempo (tabular),"MCAR, MAR, MNAR",Enmascaramiento aleatorio simulado (tasas de pérdida de 10% a 90%),"Estudio sistemático de calibración de incertidumbre (MICE, MIWAE, TabCSDI, SoftImpute, GAIN)",Probabilística / Incertidumbre (CDF-based nominal coverage),"ELBO (MIWAE), Wasserstein (OT-Impute), Generative loss (GAIN), Reverse diffusion (TabCSDI)","MAE (precisión puntual), Expected Calibration Error (ECE) y curvas de calibración","MICE, SoftImpute, OT-Impute, GAIN, MIWAE, TabCSDI",Primero en evaluar la confiabilidad de los intervalos de confianza; MICE y TabCSDI-S brillan,Modelos precisos puntualmente como SoftImpute tienen una calibración de incertidumbre pésima,GitHub: https://github.com/ZarinTahia/ImputationUncertainty,Modelos Generativos e Imputación Múltiple (Estudio de Incertidumbre y Calibración)
2025,E_Moualla_2025,Geociencias / Deformación de suelos por satélite InSAR,Series temporales espaciotemporales (LISWT / Sentinel-1),"Coordenadas (ID, Lat, Lon) y mediciones temporales de deformación","Resolución de 12 días por varios años (21,471 registros)",MAR / MCAR (decorrelación espacial de fase),Ausencias temporales consecutivas (gaps de satélite),"Modelos secuenciales (LSTM, TG-LSTM con intervalos incrustados y TFT - Temporal Fusion Transformer)",Puntual,MSE para optimización de los pesos de la red profunda,"RMSE, MAE, tiempo de cómputo","LSTM univariado, TG-LSTM, TFT",El modelado con TFT capta la dinámica espacial e introduce embeddings de intervalos de tiempo,Añadir intervalos de tiempo como característica incrementa el RMSE inicial en muestras pequeñas,Integrado en el toolbox de procesamiento satelital de los autores,Redes Neuronales Profundas (Modelos Secuenciales / Transformers)
2025,E_Tawakuli_2025,IoT / Sensores de monitoreo ambiental (monóxido de carbono),Series de tiempo multivariantes de sensores IoT,14 variables de sensores,"Alta frecuencia, bloques de preprocesamiento sistemáticos","MCAR, MAR",Separación explícita entre ausencias aisladas y ausencias consecutivas largas (secuenciales),Framework Híbrido: Spline Cúbico (para aislados) y Expectation-Maximization (para secuencias),Puntual,Máxima verosimilitud (EM) / regularización L2 para reducción,"RMSE, MAE, MAPE","Mean, Linear, Cubic Spline, Hot Deck, EM, SVM, MI con PMM",Reduce la carga computacional en el edge eligiendo el método óptimo según el tipo de gap,La fase multivariante de EM es costosa en dispositivos de recursos limitados,MATLAB / Python librerías públicas,Framework Híbrido / Preprocesamiento Sistemático
2026,Liu et al. (2026),"Salud estructural de puentes (Structural Health Monitoring - SHM, Ingeniería Civil).","Registros de deformación, aceleración y temperatura de puentes (Z24 Bridge y Hell Bridge).","Z24 (canales espaciales), Hell Bridge (75 canales simultáneos).",Registros horarios cortos (10.24 s) con downsampling.,MAR y MCAR.,Sweeps de Test MAR (10% a 60%) y bloque de pérdida; train-test missingness mismatch.,TEFN-Imputation (Lightweight Evidential Time Series Imputation): Normalización no-estacionaria + BPA dual temporal-canal.,Puntual con indicador de incertidumbre evidencial (entropía de masas y desacuerdo).,Optimización conjunta en ORT y MIT en MAE (similar a SAITS).,"MAE, MSE, tamaño de modelo (MB), tiempo de inferencia en CPU (ms/batch).","BRITS, ImputeFormer, Pyraformer, TimeMixer, TSLANet, MRNN.","Extremadamente ligero (0.02 MB de parámetros, 2.73 ms de inferencia CPU); alta inmunidad al mismatch de entrenamiento-test.",Reemplaza la combinación clásica de D-S (demasiado costosa) por un readout simplificado de expectativa.,Datos y códigos de Z24 y Hell Bridge bajo petición razonable a los autores.,Representa el estado del arte en modelos de imputación ultraligeros y eficientes para edge SHM.
